"","Consensus_area","Bioregion","Ub","Uc"
"1","D1CA0","Neotropical region","1.0736","77.3469"
"2","D1CA0","Chacoan subregion","2.7238","77.3469"
"3","D1CA0","Chacoan dominion","0.1141","2.2097"
"4","D1CA0","Parana dominion","14.6009","75.1372"
"5","D1CA0","Cerrado province","0.2914","2.2097"
"6","D1CA0","Atlantic province","27.1791","32.1063"
"7","D1CA0","Parana Forest province","13.4926","43.1571"
"8","D1CA1","Neotropical region","1.0851","62.2343"
"9","D1CA1","Chacoan subregion","2.753","62.2343"
"10","D1CA1","Chacoan dominion","0.028","0.4316"
"11","D1CA1","Parana dominion","15.0861","61.8027"
"12","D1CA1","Cerrado province","0.0715","0.4316"
"13","D1CA1","Atlantic province","29.1208","27.3849"
"14","D1CA1","Parana Forest province","13.5168","34.4177"
"15","D1CA2","Neotropical region","1.339","99.9427"
"16","D1CA2","Brazilian subregion","2.7634","99.9427"
"17","D1CA2","Pacific dominion","2.2085","12.9931"
"18","D1CA2","Boreal Brazilian dominion","6.5011","86.9495"
"19","D1CA2","Sabana province","7.1622","12.9931"
"20","D1CA2","Pantepui province","21.4622","46.2758"
"21","D1CA2","Imerí province","9.9746","40.6804"
"22","D1CA3","Neotropical region","0.4131","73.8296"
"23","D1CA3","Chacoan subregion","1.0481","73.8296"
"24","D1CA3","Chacoan dominion","0.0071","0.343"
"25","D1CA3","Parana dominion","5.7566","73.4866"
"26","D1CA3","Cerrado province","0.0182","0.343"
"27","D1CA3","Atlantic province","10.4519","30.6278"
"28","D1CA3","Parana Forest province","5.4016","42.8588"
"29","D1CA4","Neotropical region","0.4558","99.9188"
"30","D1CA4","Chacoan subregion","1.1563","99.9188"
"31","D1CA4","Chacoan dominion","1.1349","66.9082"
"32","D1CA4","Parana dominion","2.1124","33.08"
"33","D1CA4","Caatinga province","7.3028","65.8997"
"34","D1CA4","Cerrado province","0.0437","1.0084"
"35","D1CA4","Parana Forest province","3.3986","33.08"
"36","D1CA5","Neotropical region","0.4423","64.6395"
"37","D1CA5","Chacoan subregion","1.1223","64.6395"
"38","D1CA5","Parana dominion","6.1928","64.6395"
"39","D1CA5","Atlantic province","14.9544","35.8309"
"40","D1CA5","Parana Forest province","4.4405","28.8086"
"41","D1CA6","Neotropical region","0.7742","68.0111"
"42","D1CA6","Brazilian subregion","1.5978","68.0111"
"43","D1CA6","Boreal Brazilian dominion","4.3206","68.0111"
"44","D1CA6","Roraima province","0.012","0.0349"
"45","D1CA6","Guianan Lowlands province","27.1013","67.9762"
"46","D1CA7","Neotropical region","0.4696","100"
"47","D1CA7","Brazilian subregion","0.9691","100"
"48","D1CA7","Boreal Brazilian dominion","1.7083","65.1879"
"49","D1CA7","South Brazilian dominion","0.9196","34.8121"
"50","D1CA7","Roraima province","7.8902","55.5477"
"51","D1CA7","Madeira province","2.1019","34.8121"
"52","D1CA7","Imerí province","0.8284","9.6403"
"53","D1CA8","Neotropical region","0.4264","67.05"
"54","D1CA8","Chacoan subregion","1.0817","67.05"
"55","D1CA8","Parana dominion","5.9691","67.05"
"56","D1CA8","Atlantic province","18.0175","46.4581"
"57","D1CA8","Parana Forest province","2.9889","20.8682"
"58","D1CA9","Neotropical region","1.4305","97.9142"
"59","D1CA9","Chacoan subregion","3.6292","97.9142"
"60","D1CA9","Chacoan dominion","0.6375","11.7331"
"61","D1CA9","Parana dominion","17.6277","86.1863"
"62","D1CA9","Cerrado province","1.6286","11.7331"
"63","D1CA9","Atlantic province","20.8449","23.3949"
"64","D1CA9","Parana Forest province","20.7019","62.9119"
"65","D2CA0","Neotropical region","14.1009","75.2268"
"66","D2CA0","Chacoan subregion","33.5724","70.5955"
"67","D2CA0","Brazilian subregion","1.7916","4.6315"
"68","D2CA0","Chacoan dominion","35.8382","51.4116"
"69","D2CA0","Boreal Brazilian dominion","4.8448","4.6315"
"70","D2CA0","Parana dominion","50.0691","19.0798"
"71","D2CA0","South-eastern Amazonian dominion","0.3742","0.1075"
"72","D2CA0","Caatinga province","100","21.9586"
"73","D2CA0","Cerrado province","52.453","29.4531"
"74","D2CA0","Pará province","44.557","4.6315"
"75","D2CA0","Araucaria Forest province","0.4028","0.0229"
"76","D2CA0","Xingu-Tapajós province","0.3742","0.1075"
"77","D2CA0","Atlantic province","87.5428","7.6578"
"78","D2CA0","Parana Forest province","48.1672","11.4087"
"79","D2CA1","Neotropical region","1.5842","67.7916"
"80","D2CA1","Chacoan subregion","4.0193","67.7916"
"81","D2CA1","Chacoan dominion","2.571","29.5836"
"82","D2CA1","Parana dominion","12.5038","38.2185"
"83","D2CA1","Caatinga province","14.6639","25.8275"
"84","D2CA1","Cerrado province","0.834","3.7561"
"85","D2CA1","Atlantic province","22.0424","15.4657"
"86","D2CA1","Parana Forest province","11.977","22.7541"
"87","D2CA10","Neotropical region","10.7643","84.3942"
"88","D2CA10","Chacoan subregion","25.9395","80.1593"
"89","D2CA10","Brazilian subregion","1.1147","4.2348"
"90","D2CA10","Chacoan dominion","26.7742","56.4457"
"91","D2CA10","Boreal Brazilian dominion","3.0144","4.2348"
"92","D2CA10","Parana dominion","42.3532","23.7186"
"93","D2CA10","Caatinga province","94.9334","30.6353"
"94","D2CA10","Cerrado province","31.2779","25.8105"
"95","D2CA10","Pará province","27.7224","4.2348"
"96","D2CA10","Atlantic province","67.6629","8.6982"
"97","D2CA10","Parana Forest province","43.1918","15.0343"
"98","D2CA11","Neotropical region","1.4553","67.8832"
"99","D2CA11","Brazilian subregion","3.0033","67.8832"
"100","D2CA11","Boreal Brazilian dominion","8.1213","67.8832"
"101","D2CA11","Roraima province","10.0662","15.5227"
"102","D2CA11","Guianan Lowlands province","39.3132","52.3605"
"103","D2CA12","Neotropical region","2.4087","99.9628"
"104","D2CA12","Brazilian subregion","4.9708","99.9628"
"105","D2CA12","Boreal Brazilian dominion","10.3096","76.6692"
"106","D2CA12","Pacific dominion","7.1221","23.2983"
"107","D2CA12","Guianan Lowlands province","0.02","0.0237"
"108","D2CA12","Sabana province","23.097","23.2983"
"109","D2CA12","Pantepui province","30.4449","36.5002"
"110","D2CA12","Imerí province","17.7045","40.149"
"111","D2CA13","Neotropical region","1.9543","61.6401"
"112","D2CA13","Chacoan subregion","4.9581","61.6401"
"113","D2CA13","Chacoan dominion","0.4873","4.1328"
"114","D2CA13","Parana dominion","25.5252","57.5073"
"115","D2CA13","Cerrado province","1.1913","3.9548"
"116","D2CA13","Araucaria Forest province","45.2992","15.2243"
"117","D2CA13","Atlantic province","36.9082","19.0878"
"118","D2CA13","Pampean province","0.0912","0.1779"
"119","D2CA13","Parana Forest province","16.5656","23.1975"
"120","D2CA14","Neotropical region","2.9768","66.1475"
"121","D2CA14","Brazilian subregion","5.8747","63.2552"
"122","D2CA14","South American Transition Zone","1.5781","2.8923"
"123","D2CA14","Pacific dominion","36.114","63.2552"
"124","D2CA14","Chocó-Darién province","11.8942","1.1022"
"125","D2CA14","Guajira province","100","19.6361"
"126","D2CA14","Venezuelan province","78.4491","9.4613"
"127","D2CA14","Sabana province","25.4678","13.7551"
"128","D2CA14","Magdalena province","65.0037","16.7919"
"129","D2CA14","Cauca province","10.0296","2.5104"
"130","D2CA14","Paramo province","25.1513","2.8923"
"131","D2CA15","Neotropical region","2.3519","80.4426"
"132","D2CA15","Brazilian subregion","4.4453","73.6756"
"133","D2CA15","South American Transition Zone","2.399","6.7681"
"134","D2CA15","Pacific dominion","27.327","73.6756"
"135","D2CA15","Chocó-Darién province","24.0973","3.4371"
"136","D2CA15","Guajira province","72.6371","21.9546"
"137","D2CA15","Sabana province","6.648","5.5268"
"138","D2CA15","Magdalena province","84.8908","33.7547"
"139","D2CA15","Cauca province","23.3757","9.0061"
"140","D2CA15","Paramo province","38.2356","6.7681"
"141","D2CA16","Neotropical region","1.4491","77.7264"
"142","D2CA16","Brazilian subregion","2.8139","73.1378"
"143","D2CA16","South American Transition Zone","1.0375","4.5904"
"144","D2CA16","Pacific dominion","17.2983","73.1378"
"145","D2CA16","Chocó-Darién province","51.1596","11.4434"
"146","D2CA16","Guajira province","8.8127","4.1772"
"147","D2CA16","Sabana province","1.4534","1.8949"
"148","D2CA16","Magdalena province","75.365","46.9947"
"149","D2CA16","Cauca province","10.0296","6.0599"
"150","D2CA16","Paramo province","16.5366","4.5904"
"151","D2CA16","Guatuso-Talamanca province","14.137","2.5702"
"152","D2CA17","Neotropical region","3.5794","99.9934"
"153","D2CA17","Chacoan subregion","3.6179","39.8372"
"154","D2CA17","Brazilian subregion","4.4245","59.893"
"155","D2CA17","South American Transition Zone","0.1165","0.2684"
"156","D2CA17","Chacoan dominion","5.3032","39.8372"
"157","D2CA17","South Brazilian dominion","12.0613","59.893"
"158","D2CA17","Cerrado province","2.0838","6.127"
"159","D2CA17","Chacoan province","19.8892","33.7102"
"160","D2CA17","Madeira province","0.5869","1.2752"
"161","D2CA17","Rondônia province","26.7082","54.6714"
"162","D2CA17","Yungas province","8.7726","3.9465"
"163","D2CA17","Puna province","0.3202","0.2684"
"164","D2CA18","Neotropical region","3.0025","66.0717"
"165","D2CA18","Chacoan subregion","7.6176","66.0717"
"166","D2CA18","Chacoan dominion","1.4202","8.4034"
"167","D2CA18","Parana dominion","36.6911","57.6722"
"168","D2CA18","Caatinga province","3.4391","3.115"
"169","D2CA18","Cerrado province","2.2833","5.2884"
"170","D2CA18","Araucaria Forest province","0.4028","0.0944"
"171","D2CA18","Atlantic province","63.0767","22.759"
"172","D2CA18","Parana Forest province","35.6795","34.8581"
"173","D2CA19","Neotropical region","11.6439","99.5518"
"174","D2CA19","Brazilian subregion","22.3417","92.5585"
"175","D2CA19","South American Transition Zone","9.9181","6.9943"
"176","D2CA19","South Brazilian dominion","39.9547","60.7217"
"177","D2CA19","Pacific dominion","10.2505","6.908"
"178","D2CA19","Boreal Brazilian dominion","16.2726","24.9302"
"179","D2CA19","Madeira province","14.2837","9.4978"
"180","D2CA19","Rondônia province","56.6262","35.4752"
"181","D2CA19","Ucayali province","100","9.0744"
"182","D2CA19","Yungas province","48.5194","6.6802"
"183","D2CA19","Puna province","12.7037","3.2588"
"184","D2CA19","Desert province","16.7039","1.2453"
"185","D2CA19","Ecuadorian province","0.0653","0.0013"
"186","D2CA19","Western Ecuador province","8.6651","0.2561"
"187","D2CA19","Chocó-Darién province","4.387","0.1564"
"188","D2CA19","Sabana province","1.6955","0.3523"
"189","D2CA19","Imerí province","26.6923","12.4701"
"190","D2CA19","Magdalena province","14.989","1.4898"
"191","D2CA19","Napo province","100","12.4602"
"192","D2CA19","Cauca province","48.3054","4.6521"
"193","D2CA19","Paramo province","56.2854","2.4904"
"194","D2CA2","Neotropical region","3.5485","94.8696"
"195","D2CA2","Chacoan subregion","6.1411","64.7133"
"196","D2CA2","Brazilian subregion","2.3279","30.1577"
"197","D2CA2","Chacoan dominion","8.5446","61.4272"
"198","D2CA2","Boreal Brazilian dominion","6.295","30.1577"
"199","D2CA2","South-eastern Amazonian dominion","2.283","3.2861"
"200","D2CA2","Caatinga province","21.8451","24.0389"
"201","D2CA2","Cerrado province","13.287","37.389"
"202","D2CA2","Pará province","57.8941","30.1577"
"203","D2CA2","Xingu-Tapajós province","2.283","3.2861"
"204","D2CA20","Neotropical region","1.3325","61.1399"
"205","D2CA20","Chacoan subregion","3.3807","61.1399"
"206","D2CA20","Chacoan dominion","0.2487","3.0682"
"207","D2CA20","Parana dominion","17.7189","58.0717"
"208","D2CA20","Cerrado province","0.5817","2.8094"
"209","D2CA20","Araucaria Forest province","44.3692","21.6921"
"210","D2CA20","Atlantic province","30.4983","22.9447"
"211","D2CA20","Pampean province","0.0912","0.2588"
"212","D2CA20","Parana Forest province","6.5969","13.4383"
"213","D2CA21","Neotropical region","14.9783","99.6485"
"214","D2CA21","Chacoan subregion","1.0075","2.6419"
"215","D2CA21","Brazilian subregion","27.6287","89.067"
"216","D2CA21","South American Transition Zone","14.4712","7.941"
"217","D2CA21","Chacoan dominion","1.4768","2.6419"
"218","D2CA21","South Brazilian dominion","59.9619","70.9101"
"219","D2CA21","Pacific dominion","6.4753","3.3956"
"220","D2CA21","Boreal Brazilian dominion","12.3829","14.7622"
"221","D2CA21","Cerrado province","0.3101","0.2171"
"222","D2CA21","Chacoan province","6.0071","2.4247"
"223","D2CA21","Madeira province","29.0055","15.0078"
"224","D2CA21","Rondônia province","82.6805","40.3058"
"225","D2CA21","Ucayali province","100","7.0611"
"226","D2CA21","Yungas province","79.7261","8.5415"
"227","D2CA21","Puna province","26.6951","5.3286"
"228","D2CA21","Desert province","20.4864","1.1885"
"229","D2CA21","Ecuadorian province","0.0653","0.001"
"230","D2CA21","Western Ecuador province","8.6651","0.1993"
"231","D2CA21","Chocó-Darién province","3.488","0.0968"
"232","D2CA21","Imerí province","13.9521","5.072"
"233","D2CA21","Magdalena province","1.2657","0.0979"
"234","D2CA21","Napo province","99.9432","9.6902"
"235","D2CA21","Cauca province","40.0419","3.0007"
"236","D2CA21","Paramo province","41.3639","1.4242"
"237","D2CA22","Neotropical region","5.3705","73.4382"
"238","D2CA22","Chacoan subregion","13.6254","73.4382"
"239","D2CA22","Chacoan dominion","5.494","20.2012"
"240","D2CA22","Parana dominion","54.5101","53.2424"
"241","D2CA22","Caatinga province","14.6639","8.2534"
"242","D2CA22","Cerrado province","8.3014","11.9478"
"243","D2CA22","Araucaria Forest province","37.007","5.3921"
"244","D2CA22","Atlantic province","78.5703","17.6164"
"245","D2CA22","Parana Forest province","49.841","30.2584"
"246","D2CA23","Neotropical region","3.3944","99.5008"
"247","D2CA23","Chacoan subregion","8.6118","99.5008"
"248","D2CA23","Chacoan dominion","9.72","76.6156"
"249","D2CA23","Parana dominion","10.935","22.896"
"250","D2CA23","Caatinga province","37.4033","45.1287"
"251","D2CA23","Cerrado province","10.2054","31.4869"
"252","D2CA23","Atlantic province","9.2137","4.4285"
"253","D2CA23","Parana Forest province","14.1907","18.4682"
"254","D2CA24","Neotropical region","5.8721","92.1629"
"255","D2CA24","Chacoan subregion","14.8979","92.1629"
"256","D2CA24","Chacoan dominion","6.4069","27.0396"
"257","D2CA24","Parana dominion","58.0929","65.1274"
"258","D2CA24","Cerrado province","6.1739","10.1991"
"259","D2CA24","Araucaria Forest province","84.7251","14.1692"
"260","D2CA24","Atlantic province","30.0469","7.7325"
"261","D2CA24","Pampean province","7.5264","7.3036"
"262","D2CA24","Chacoan province","10.0152","9.5369"
"263","D2CA24","Parana Forest province","62.0362","43.2281"
"264","D2CA25","Neotropical region","33.918","94.05"
"265","D2CA25","Chacoan subregion","6.907","7.549"
"266","D2CA25","Brazilian subregion","63.9898","85.978"
"267","D2CA25","South American Transition Zone","2.2882","0.5233"
"268","D2CA25","Chacoan dominion","0.1155","0.0861"
"269","D2CA25","Boreal Brazilian dominion","91.97","45.6976"
"270","D2CA25","South-eastern Amazonian dominion","49.9893","7.4628"
"271","D2CA25","South Brazilian dominion","67.8568","33.4461"
"272","D2CA25","Pacific dominion","31.2735","6.8354"
"273","D2CA25","Cerrado province","0.2951","0.0861"
"274","D2CA25","Pará province","47.9868","2.5926"
"275","D2CA25","Xingu-Tapajós province","49.9893","7.4628"
"276","D2CA25","Roraima province","100","9.1666"
"277","D2CA25","Guianan Lowlands province","100","7.9173"
"278","D2CA25","Madeira province","93.9735","20.2657"
"279","D2CA25","Rondônia province","52.4787","10.6627"
"280","D2CA25","Ucayali province","73.6797","2.1684"
"281","D2CA25","Yungas province","7.8352","0.3499"
"282","D2CA25","Puna province","4.1661","0.3466"
"283","D2CA25","Desert province","1.716","0.0415"
"284","D2CA25","Ecuadorian province","0.0653","4e-04"
"285","D2CA25","Guajira province","12.8653","0.3152"
"286","D2CA25","Venezuelan province","44.8496","0.675"
"287","D2CA25","Sabana province","82.6724","5.5718"
"288","D2CA25","Pantepui province","100","8.0103"
"289","D2CA25","Imerí province","99.9436","15.1431"
"290","D2CA25","Magdalena province","1.7194","0.0554"
"291","D2CA25","Napo province","71.0165","2.8699"
"292","D2CA25","Cauca province","6.9628","0.2175"
"293","D2CA25","Paramo province","9.4238","0.1352"
"294","D2CA26","Neotropical region","1.3413","100.0004"
"295","D2CA26","Brazilian subregion","2.7682","100.0004"
"296","D2CA26","Boreal Brazilian dominion","4.2132","56.2848"
"297","D2CA26","South Brazilian dominion","3.2988","43.7155"
"298","D2CA26","Roraima province","15.0505","37.093"
"299","D2CA26","Madeira province","7.5396","43.7155"
"300","D2CA26","Imerí province","4.7111","19.1918"
"301","D2CA27","Neotropical region","1.7779","83.0187"
"302","D2CA27","Brazilian subregion","3.368","76.2062"
"303","D2CA27","South American Transition Zone","1.7692","6.8141"
"304","D2CA27","Pacific dominion","18.6518","68.6512"
"305","D2CA27","Boreal Brazilian dominion","0.903","7.5559"
"306","D2CA27","Chocó-Darién province","56.531","11.0079"
"307","D2CA27","Sabana province","3.149","3.5739"
"308","D2CA27","Imerí province","2.9461","7.5172"
"309","D2CA27","Magdalena province","65.62","35.6209"
"310","D2CA27","Napo province","0.0568","0.0387"
"311","D2CA27","Cauca province","35.0813","18.4521"
"312","D2CA27","Paramo province","28.1975","6.8141"
"313","D2CA3","Neotropical region","4.0812","85.7427"
"314","D2CA3","Chacoan subregion","10.3542","85.7427"
"315","D2CA3","Chacoan dominion","5.7923","32.7228"
"316","D2CA3","Parana dominion","35.3327","53.023"
"317","D2CA3","Cerrado province","14.7981","32.7228"
"318","D2CA3","Araucaria Forest province","19.9923","4.4755"
"319","D2CA3","Atlantic province","37.7147","12.9921"
"320","D2CA3","Parana Forest province","38.1585","35.5925"
"321","D2CA4","Neotropical region","2.9989","61.4172"
"322","D2CA4","Neartic region","0.2338","0.2441"
"323","D2CA4","Brazilian subregion","4.4155","43.8184"
"324","D2CA4","Mexican Transition Zone","31.6588","17.5998"
"325","D2CA4","Mesoamerican dominion","43.8499","43.8184"
"326","D2CA4","Pacific Lowlands province","22.012","6.7122"
"327","D2CA4","Transmexican Volcanic Belt province","31.4287","2.6837"
"328","D2CA4","Balsas Basin province","20.9934","1.3253"
"329","D2CA4","Sierra Madre del Sur province","93.3113","6.5514"
"330","D2CA4","Yucatán Peninsula province","58.5542","8.4104"
"331","D2CA4","Veracruzan province","74.6723","24.4014"
"332","D2CA4","Chiapas Highlands province","80.1498","8.3648"
"333","D2CA4","Mosquito province","18.4636","2.9691"
"334","D2CA5","Neotropical region","7.2392","96.4743"
"335","D2CA5","Chacoan subregion","8.6273","45.3177"
"336","D2CA5","Brazilian subregion","7.9221","51.1576"
"337","D2CA5","Chacoan dominion","2.2574","8.0896"
"338","D2CA5","Boreal Brazilian dominion","17.3751","41.4923"
"339","D2CA5","South-eastern Amazonian dominion","51.8866","37.2284"
"340","D2CA5","South Brazilian dominion","4.0801","9.6653"
"341","D2CA5","Cerrado province","5.7673","8.0896"
"342","D2CA5","Pará province","61.8996","16.0729"
"343","D2CA5","Xingu-Tapajós province","51.8866","37.2284"
"344","D2CA5","Roraima province","54.9013","24.1873"
"345","D2CA5","Guianan Lowlands province","3.2385","1.2323"
"346","D2CA5","Madeira province","9.3253","9.6653"
"347","D2CA6","Neotropical region","41.01","92.1287"
"348","D2CA6","Chacoan subregion","10.5812","9.3693"
"349","D2CA6","Brazilian subregion","74.6902","81.305"
"350","D2CA6","South American Transition Zone","7.8528","1.4551"
"351","D2CA6","Antillean subregion","0.0188","5e-04"
"352","D2CA6","Chacoan dominion","2.0819","1.2577"
"353","D2CA6","Boreal Brazilian dominion","92.8742","37.3869"
"354","D2CA6","South-eastern Amazonian dominion","67.0668","8.1117"
"355","D2CA6","South Brazilian dominion","83.03","33.1562"
"356","D2CA6","Pacific dominion","60.7803","10.7628"
"357","D2CA6","Cerrado province","5.2866","1.25"
"358","D2CA6","Pará province","47.9868","2.1004"
"359","D2CA6","Xingu-Tapajós province","67.0668","8.1117"
"360","D2CA6","Roraima province","100","7.4265"
"361","D2CA6","Guianan Lowlands province","100","6.4143"
"362","D2CA6","Chacoan province","0.0561","0.0076"
"363","D2CA6","Madeira province","99.7961","17.436"
"364","D2CA6","Rondônia province","75.0782","12.3588"
"365","D2CA6","Ucayali province","87.352","2.0828"
"366","D2CA6","Yungas province","35.391","1.2803"
"367","D2CA6","Puna province","8.583","0.5785"
"368","D2CA6","Desert province","4.9905","0.0978"
"369","D2CA6","Ecuadorian province","0.0653","3e-04"
"370","D2CA6","Chocó-Darién province","24.9963","0.2342"
"371","D2CA6","Guajira province","46.25","0.9181"
"372","D2CA6","Venezuelan province","55.8075","0.6805"
"373","D2CA6","Sabana province","100","5.4603"
"374","D2CA6","Trinidad province","100","0.0564"
"375","D2CA6","Pantepui province","100","6.4897"
"376","D2CA6","Imerí province","100","12.2754"
"377","D2CA6","Magdalena province","98.9189","2.5833"
"378","D2CA6","Napo province","81.9228","2.6821"
"379","D2CA6","Cauca province","32.7951","0.8299"
"380","D2CA6","Paramo province","66.9895","0.7788"
"381","D2CA6","Lesser Antilles province","0.6816","5e-04"
"382","D2CA7","Neotropical region","17.0244","94.1374"
"383","D2CA7","Chacoan subregion","36.7519","80.1012"
"384","D2CA7","Brazilian subregion","5.2394","14.0385"
"385","D2CA7","Chacoan dominion","32.3582","48.1132"
"386","D2CA7","Parana dominion","75.0237","29.6324"
"387","D2CA7","South-eastern Amazonian dominion","7.9299","2.3608"
"388","D2CA7","South Brazilian dominion","14.2826","14.0385"
"389","D2CA7","Caatinga province","11.3936","2.5932"
"390","D2CA7","Cerrado province","72.4433","42.1623"
"391","D2CA7","Araucaria Forest province","46.6686","2.7497"
"392","D2CA7","Xingu-Tapajós province","7.9299","2.3608"
"393","D2CA7","Atlantic province","61.4438","5.5709"
"394","D2CA7","Chacoan province","10.0281","3.3643"
"395","D2CA7","Madeira province","3.5857","1.542"
"396","D2CA7","Rondônia province","30.8422","12.4966"
"397","D2CA7","Parana Forest province","86.8539","21.3224"
"398","D2CA8","Neotropical region","3.2462","93.4859"
"399","D2CA8","Brazilian subregion","6.6993","93.4859"
"400","D2CA8","Boreal Brazilian dominion","15.5196","80.0888"
"401","D2CA8","Pacific dominion","5.9039","13.402"
"402","D2CA8","Roraima province","1.5673","1.4921"
"403","D2CA8","Guianan Lowlands province","43.9576","36.1453"
"404","D2CA8","Venezuelan province","9.8905","1.5459"
"405","D2CA8","Sabana province","16.938","11.8562"
"406","D2CA8","Pantepui province","51.0332","42.4565"
"407","D2CA9","Neotropical region","5.2814","73.2194"
"408","D2CA9","Chacoan subregion","13.3993","73.2194"
"409","D2CA9","Chacoan dominion","9.3954","35.0252"
"410","D2CA9","Parana dominion","38.5777","38.2024"
"411","D2CA9","Caatinga province","40.4331","23.0724"
"412","D2CA9","Cerrado province","8.1914","11.9528"
"413","D2CA9","Atlantic province","65.9383","14.9889"
"414","D2CA9","Parana Forest province","37.7544","23.2381"
"415","D3CA0","Neotropical region","92.6624","67.5655"
"416","D3CA0","Neartic region","44.7764","1.6646"
"417","D3CA0","Chacoan subregion","91.9954","26.4396"
"418","D3CA0","Brazilian subregion","99.8885","35.2927"
"419","D3CA0","South American Transition Zone","55.1423","3.3164"
"420","D3CA0","Mexican Transition Zone","84.2545","1.6676"
"421","D3CA0","Antillean subregion","99.8564","0.85"
"422","D3CA0","Chacoan dominion","88.2668","17.3064"
"423","D3CA0","Boreal Brazilian dominion","100","13.0659"
"424","D3CA0","Parana dominion","100","5.2083"
"425","D3CA0","South-eastern Amazonian dominion","100","3.9257"
"426","D3CA0","South Brazilian dominion","100","12.9612"
"427","D3CA0","Pacific dominion","99.3147","5.7081"
"428","D3CA0","Mesoamerican dominion","100","3.5578"
"429","D3CA0","Caatinga province","100","3.0012"
"430","D3CA0","Cerrado province","100","7.6746"
"431","D3CA0","Pará province","100","1.4207"
"432","D3CA0","Araucaria Forest province","100","0.7769"
"433","D3CA0","Xingu-Tapajós province","100","3.9257"
"434","D3CA0","Atlantic province","100","1.1956"
"435","D3CA0","Roraima province","100","2.4105"
"436","D3CA0","Guianan Lowlands province","100","2.0819"
"437","D3CA0","Pampean province","52.1901","2.3529"
"438","D3CA0","Chacoan province","96.7162","4.2786"
"439","D3CA0","Madeira province","100","5.6709"
"440","D3CA0","Rondônia province","100","5.3429"
"441","D3CA0","Ucayali province","100","0.7739"
"442","D3CA0","Monte province","25.1281","0.4975"
"443","D3CA0","Prepuna province","9.7697","0.0395"
"444","D3CA0","Parana Forest province","100","3.2373"
"445","D3CA0","Yungas province","100","1.1742"
"446","D3CA0","Puna province","79.7382","1.7445"
"447","D3CA0","Atacaman province","16.8445","0.0723"
"448","D3CA0","Desert province","92.0702","0.5854"
"449","D3CA0","Ecuadorian province","100","0.1718"
"450","D3CA0","Western Ecuador province","100","0.252"
"451","D3CA0","Chocó-Darién province","100","0.3041"
"452","D3CA0","Guajira province","100","0.6443"
"453","D3CA0","Venezuelan province","100","0.3957"
"454","D3CA0","Sabana province","100","1.7723"
"455","D3CA0","Trinidad province","100","0.0183"
"456","D3CA0","Pantepui province","100","2.1064"
"457","D3CA0","Imerí province","100","3.9843"
"458","D3CA0","Magdalena province","100","0.8477"
"459","D3CA0","Napo province","100","1.0627"
"460","D3CA0","Cauca province","100","0.8213"
"461","D3CA0","Paramo province","100","0.3774"
"462","D3CA0","Puntarenas-Chiriquí province","100","0.2335"
"463","D3CA0","Sierra Madre Occidental province","66.5303","0.6195"
"464","D3CA0","Pacific Lowlands province","100","1.0857"
"465","D3CA0","Transmexican Volcanic Belt province","100","0.304"
"466","D3CA0","Balsas Basin province","100","0.2248"
"467","D3CA0","Sierra Madre del Sur province","100","0.25"
"468","D3CA0","Sierra Madre Oriental province","100","0.1226"
"469","D3CA0","Yucatán Peninsula province","100","0.5114"
"470","D3CA0","Veracruzan province","100","1.1635"
"471","D3CA0","Chiapas Highlands province","100","0.3716"
"472","D3CA0","Guatuso-Talamanca province","100","0.2471"
"473","D3CA0","Jamaica province","100","0.0437"
"474","D3CA0","Bahama province","94.3553","0.0204"
"475","D3CA0","Cuban province","100","0.422"
"476","D3CA0","Cayman Islands province","100","0.0017"
"477","D3CA0","Hispaniola province","100","0.3071"
"478","D3CA0","Puerto Rico province","100","0.0316"
"479","D3CA0","Lesser Antilles province","100","0.0235"
"480","D3CA0","Mosquito province","100","0.5725"
"481","D3CA1","Neotropical region","6.925","88.7369"
"482","D3CA1","Chacoan subregion","14.1584","71.5093"
"483","D3CA1","Brazilian subregion","2.7747","17.2285"
"484","D3CA1","Chacoan dominion","18.2063","62.7326"
"485","D3CA1","Boreal Brazilian dominion","7.5032","17.2285"
"486","D3CA1","South-eastern Amazonian dominion","10.9055","7.5236"
"487","D3CA1","Parana dominion","1.3695","1.2535"
"488","D3CA1","Caatinga province","72.0184","37.9843"
"489","D3CA1","Cerrado province","18.3499","24.7486"
"490","D3CA1","Pará province","69.0056","17.2285"
"491","D3CA1","Xingu-Tapajós province","10.9055","7.5236"
"492","D3CA1","Atlantic province","5.966","1.2535"
"493","D3CA10","Neotropical region","27.0539","99.9102"
"494","D3CA10","Chacoan subregion","2.8618","4.1657"
"495","D3CA10","Brazilian subregion","52.6035","94.1331"
"496","D3CA10","South American Transition Zone","5.2916","1.6119"
"497","D3CA10","South-eastern Amazonian dominion","20.9514","4.1657"
"498","D3CA10","Boreal Brazilian dominion","77.3255","51.1706"
"499","D3CA10","South Brazilian dominion","59.9925","39.3823"
"500","D3CA10","Pacific dominion","12.3021","3.5811"
"501","D3CA10","Xingu-Tapajós province","20.9514","4.1657"
"502","D3CA10","Roraima province","89.3517","10.9085"
"503","D3CA10","Guianan Lowlands province","48.172","5.0795"
"504","D3CA10","Madeira province","80.6883","23.1749"
"505","D3CA10","Rondônia province","39.3786","10.6561"
"506","D3CA10","Ucayali province","95.8894","3.7585"
"507","D3CA10","Yungas province","30.1791","1.7948"
"508","D3CA10","Puna province","7.2355","0.8017"
"509","D3CA10","Desert province","7.3445","0.2365"
"510","D3CA10","Sabana province","38.4147","3.4481"
"511","D3CA10","Pantepui province","92.789","9.8991"
"512","D3CA10","Imerí province","99.9438","20.1682"
"513","D3CA10","Magdalena province","1.7194","0.0738"
"514","D3CA10","Napo province","95.0596","5.1162"
"515","D3CA10","Cauca province","1.4212","0.0591"
"516","D3CA10","Paramo province","30.0213","0.5738"
"517","D3CA11","Neotropical region","9.5757","83.8407"
"518","D3CA11","Brazilian subregion","19.7615","83.8407"
"519","D3CA11","Boreal Brazilian dominion","43.9975","69.0292"
"520","D3CA11","Pacific dominion","21.4634","14.813"
"521","D3CA11","Roraima province","43.4445","12.5748"
"522","D3CA11","Guianan Lowlands province","77.7335","19.4331"
"523","D3CA11","Venezuelan province","83.942","3.989"
"524","D3CA11","Sabana province","50.8618","10.824"
"525","D3CA11","Pantepui province","100","25.2934"
"526","D3CA11","Imerí province","24.519","11.7306"
"527","D3CA12","Neotropical region","15.9649","99.9312"
"528","D3CA12","Chacoan subregion","6.607","16.3008"
"529","D3CA12","Brazilian subregion","26.5113","80.4107"
"530","D3CA12","South American Transition Zone","6.2408","3.2221"
"531","D3CA12","Chacoan dominion","9.0815","15.2855"
"532","D3CA12","South-eastern Amazonian dominion","2.7275","0.9192"
"533","D3CA12","South Brazilian dominion","64.508","71.775"
"534","D3CA12","Parana dominion","0.2151","0.0962"
"535","D3CA12","Boreal Brazilian dominion","7.6998","8.6365"
"536","D3CA12","Pacific dominion","3e-04","1e-04"
"537","D3CA12","Cerrado province","23.2012","15.2855"
"538","D3CA12","Xingu-Tapajós province","2.7275","0.9192"
"539","D3CA12","Madeira province","47.8879","23.3124"
"540","D3CA12","Rondônia province","83.5621","38.3266"
"541","D3CA12","Ucayali province","95.2604","6.3287"
"542","D3CA12","Parana Forest province","0.3461","0.0962"
"543","D3CA12","Yungas province","37.8178","3.812"
"544","D3CA12","Puna province","12.7134","2.3877"
"545","D3CA12","Desert province","14.0766","0.7683"
"546","D3CA12","Imerí province","10.6497","3.6425"
"547","D3CA12","Napo province","54.744","4.9939"
"548","D3CA12","Cauca province","0.0019","1e-04"
"549","D3CA12","Paramo province","2.0476","0.0663"
"550","D3CA13","Neotropical region","50.7314","79.3616"
"551","D3CA13","Chacoan subregion","14.1425","8.7202"
"552","D3CA13","Brazilian subregion","88.8158","67.3243"
"553","D3CA13","South American Transition Zone","19.5291","2.5199"
"554","D3CA13","Mexican Transition Zone","18.7288","0.7953"
"555","D3CA13","Antillean subregion","0.1654","0.003"
"556","D3CA13","Chacoan dominion","2.9238","1.2299"
"557","D3CA13","Boreal Brazilian dominion","95.8113","26.8577"
"558","D3CA13","South-eastern Amazonian dominion","88.9352","7.4904"
"559","D3CA13","South Brazilian dominion","88.8004","24.6929"
"560","D3CA13","Pacific dominion","99.0867","12.2182"
"561","D3CA13","Mesoamerican dominion","46.5891","3.5561"
"562","D3CA13","Cerrado province","6.4539","1.0627"
"563","D3CA13","Pará province","61.4777","1.8738"
"564","D3CA13","Xingu-Tapajós province","88.9352","7.4904"
"565","D3CA13","Roraima province","100","5.1715"
"566","D3CA13","Guianan Lowlands province","100","4.4666"
"567","D3CA13","Chacoan province","1.7622","0.1673"
"568","D3CA13","Madeira province","100","12.1664"
"569","D3CA13","Rondônia province","78.2227","8.9665"
"570","D3CA13","Ucayali province","100","1.6603"
"571","D3CA13","Yungas province","75.4594","1.901"
"572","D3CA13","Puna province","23.5762","1.1066"
"573","D3CA13","Desert province","44.2725","0.6039"
"574","D3CA13","Ecuadorian province","92.4783","0.341"
"575","D3CA13","Western Ecuador province","99.9309","0.5404"
"576","D3CA13","Chocó-Darién province","100","0.6523"
"577","D3CA13","Guajira province","100","1.3824"
"578","D3CA13","Venezuelan province","100","0.849"
"579","D3CA13","Sabana province","100","3.8023"
"580","D3CA13","Trinidad province","100","0.0393"
"581","D3CA13","Pantepui province","100","4.5191"
"582","D3CA13","Imerí province","100","8.548"
"583","D3CA13","Magdalena province","100","1.8186"
"584","D3CA13","Napo province","100","2.2798"
"585","D3CA13","Cauca province","100","1.7621"
"586","D3CA13","Paramo province","100","0.8096"
"587","D3CA13","Puntarenas-Chiriquí province","100","0.501"
"588","D3CA13","Pacific Lowlands province","34.1661","0.7958"
"589","D3CA13","Yucatán Peninsula province","40.749","0.4471"
"590","D3CA13","Veracruzan province","43.4655","1.0849"
"591","D3CA13","Chiapas Highlands province","99.7635","0.7953"
"592","D3CA13","Guatuso-Talamanca province","100","0.5302"
"593","D3CA13","Lesser Antilles province","5.9922","0.003"
"594","D3CA13","Mosquito province","100","1.2283"
"595","D3CA14","Neotropical region","31.2131","87.8624"
"596","D3CA14","Chacoan subregion","5.1333","5.6954"
"597","D3CA14","Brazilian subregion","59.3834","80.9989"
"598","D3CA14","South American Transition Zone","5.0103","1.1633"
"599","D3CA14","Antillean subregion","0.1654","0.0054"
"600","D3CA14","Chacoan dominion","0.0533","0.0404"
"601","D3CA14","Boreal Brazilian dominion","95.7359","48.2903"
"602","D3CA14","South-eastern Amazonian dominion","37.3142","5.6551"
"603","D3CA14","South Brazilian dominion","41.538","20.7843"
"604","D3CA14","Pacific dominion","53.7465","11.9254"
"605","D3CA14","Cerrado province","0.1363","0.0404"
"606","D3CA14","Pará province","60.7844","3.3338"
"607","D3CA14","Xingu-Tapajós province","37.3142","5.6551"
"608","D3CA14","Roraima province","100","9.3057"
"609","D3CA14","Guianan Lowlands province","100","8.0373"
"610","D3CA14","Madeira province","63.2844","13.8545"
"611","D3CA14","Rondônia province","21.4835","4.4313"
"612","D3CA14","Ucayali province","76.4223","2.2832"
"613","D3CA14","Yungas province","4.7639","0.216"
"614","D3CA14","Puna province","0.6855","0.0579"
"615","D3CA14","Ecuadorian province","38.1931","0.2534"
"616","D3CA14","Western Ecuador province","14.5841","0.1419"
"617","D3CA14","Chocó-Darién province","13.7535","0.1614"
"618","D3CA14","Guajira province","23.2594","0.5786"
"619","D3CA14","Venezuelan province","57.8592","0.884"
"620","D3CA14","Sabana province","99.9861","6.8409"
"621","D3CA14","Trinidad province","100","0.0707"
"622","D3CA14","Pantepui province","100","8.1318"
"623","D3CA14","Imerí province","100","15.3814"
"624","D3CA14","Magdalena province","43.069","1.4094"
"625","D3CA14","Napo province","100","4.1024"
"626","D3CA14","Cauca province","49.9942","1.5852"
"627","D3CA14","Paramo province","75.881","1.1054"
"628","D3CA14","Lesser Antilles province","5.9922","0.0054"
"629","D3CA15","Neotropical region","12.3895","99.9927"
"630","D3CA15","Chacoan subregion","19.162","60.9572"
"631","D3CA15","Brazilian subregion","8.1808","31.9934"
"632","D3CA15","South American Transition Zone","10.5834","7.0454"
"633","D3CA15","Chacoan dominion","20.0446","43.5014"
"634","D3CA15","Parana dominion","30.2829","17.4578"
"635","D3CA15","South Brazilian dominion","22.3008","31.9934"
"636","D3CA15","Cerrado province","11.4753","9.748"
"637","D3CA15","Araucaria Forest province","53.7692","4.624"
"638","D3CA15","Pampean province","5.6991","2.8439"
"639","D3CA15","Chacoan province","63.143","30.9191"
"640","D3CA15","Madeira province","0.5869","0.3684"
"641","D3CA15","Rondônia province","44.5223","26.33"
"642","D3CA15","Monte province","0.278","0.0609"
"643","D3CA15","Parana Forest province","35.8197","12.835"
"644","D3CA15","Yungas province","40.7545","5.2968"
"645","D3CA15","Puna province","28.843","6.9845"
"646","D3CA16","Neotropical region","6.5909","42.2999"
"647","D3CA16","Neartic region","26.8047","8.7711"
"648","D3CA16","Brazilian subregion","10.1055","31.4267"
"649","D3CA16","Mexican Transition Zone","62.1664","10.8301"
"650","D3CA16","Antillean subregion","0.5922","0.0444"
"651","D3CA16","Pacific dominion","5.9087","2.9891"
"652","D3CA16","Mesoamerican dominion","90.8116","28.4376"
"653","D3CA16","Puntarenas-Chiriquí province","84.089","1.7284"
"654","D3CA16","Sierra Madre Occidental province","22.2573","1.8241"
"655","D3CA16","Pacific Lowlands province","76.2344","7.2848"
"656","D3CA16","Transmexican Volcanic Belt province","100","2.6759"
"657","D3CA16","Balsas Basin province","100","1.9782"
"658","D3CA16","Sierra Madre del Sur province","100","2.2002"
"659","D3CA16","Sierra Madre Oriental province","79.6518","0.8594"
"660","D3CA16","Yucatán Peninsula province","100","4.5011"
"661","D3CA16","Veracruzan province","100","10.2405"
"662","D3CA16","Chiapas Highlands province","100","3.2705"
"663","D3CA16","Guatuso-Talamanca province","57.9877","1.2614"
"664","D3CA16","Cuban province","1.1946","0.0444"
"665","D3CA16","Mosquito province","87.9675","4.4329"
"666","D3CA17","Neotropical region","34.0355","96.1834"
"667","D3CA17","Chacoan subregion","14.2513","15.8741"
"668","D3CA17","Brazilian subregion","57.8995","79.285"
"669","D3CA17","South American Transition Zone","4.3982","1.0252"
"670","D3CA17","Chacoan dominion","3.0833","2.343"
"671","D3CA17","Boreal Brazilian dominion","77.3263","39.1574"
"672","D3CA17","South-eastern Amazonian dominion","88.9352","13.5313"
"673","D3CA17","South Brazilian dominion","79.7932","40.0828"
"674","D3CA17","Pacific dominion","0.2031","0.0452"
"675","D3CA17","Cerrado province","7.8771","2.343"
"676","D3CA17","Pará province","61.4777","3.3851"
"677","D3CA17","Xingu-Tapajós province","88.9352","13.5313"
"678","D3CA17","Roraima province","98.0167","9.1569"
"679","D3CA17","Guianan Lowlands province","84.3503","6.8061"
"680","D3CA17","Madeira province","100","21.9784"
"681","D3CA17","Rondônia province","70.4354","14.5853"
"682","D3CA17","Ucayali province","95.2604","2.8572"
"683","D3CA17","Yungas province","14.5791","0.6635"
"684","D3CA17","Puna province","6.5787","0.5578"
"685","D3CA17","Desert province","7.2469","0.1786"
"686","D3CA17","Pantepui province","62.8841","5.1337"
"687","D3CA17","Imerí province","69.8015","10.7786"
"688","D3CA17","Napo province","94.6348","3.8975"
"689","D3CA17","Cauca province","1.4212","0.0452"
"690","D3CA17","Paramo province","19.7539","0.2889"
"691","D3CA18","Neotropical region","12.4685","80.1502"
"692","D3CA18","Chacoan subregion","29.4476","74.6119"
"693","D3CA18","Brazilian subregion","1.7785","5.5396"
"694","D3CA18","Chacoan dominion","21.6396","37.4048"
"695","D3CA18","Parana dominion","81.0379","37.2096"
"696","D3CA18","South Brazilian dominion","4.848","5.5396"
"697","D3CA18","Cerrado province","32.2206","21.8001"
"698","D3CA18","Araucaria Forest province","100","6.8495"
"699","D3CA18","Atlantic province","66.0921","6.9662"
"700","D3CA18","Pampean province","12.2528","4.8698"
"701","D3CA18","Chacoan province","27.5441","10.7425"
"702","D3CA18","Rondônia province","11.7607","5.5396"
"703","D3CA18","Parana Forest province","82.0146","23.4066"
"704","D3CA19","Neotropical region","10.2178","99.9876"
"705","D3CA19","Chacoan subregion","2.8157","10.8603"
"706","D3CA19","Brazilian subregion","18.7965","89.1279"
"707","D3CA19","Chacoan dominion","0.1827","0.4808"
"708","D3CA19","South-eastern Amazonian dominion","19.7011","10.3795"
"709","D3CA19","Boreal Brazilian dominion","21.3073","37.3623"
"710","D3CA19","South Brazilian dominion","29.7598","51.7656"
"711","D3CA19","Cerrado province","0.4668","0.4808"
"712","D3CA19","Xingu-Tapajós province","19.7011","10.3795"
"713","D3CA19","Roraima province","46.1161","14.9184"
"714","D3CA19","Guianan Lowlands province","14.4647","4.0415"
"715","D3CA19","Madeira province","61.0027","46.4263"
"716","D3CA19","Rondônia province","7.447","5.3398"
"717","D3CA19","Pantepui province","27.0134","7.6364"
"718","D3CA19","Imerí province","20.1348","10.7663"
"719","D3CA20","Neotropical region","10.2544","99.9876"
"720","D3CA20","Chacoan subregion","1.1769","4.5231"
"721","D3CA20","Brazilian subregion","20.2049","95.4647"
"722","D3CA20","South-eastern Amazonian dominion","8.6159","4.5231"
"723","D3CA20","Boreal Brazilian dominion","32.4746","56.7414"
"724","D3CA20","South Brazilian dominion","22.3414","38.7233"
"725","D3CA20","Xingu-Tapajós province","8.6159","4.5231"
"726","D3CA20","Roraima province","68.3072","22.0184"
"727","D3CA20","Guianan Lowlands province","30.1375","8.3906"
"728","D3CA20","Madeira province","51.0151","38.6869"
"729","D3CA20","Rondônia province","0.0509","0.0364"
"730","D3CA20","Pantepui province","27.0134","7.6092"
"731","D3CA20","Imerí province","35.1419","18.7238"
"732","D3CA21","Neotropical region","16.6995","96.1951"
"733","D3CA21","Chacoan subregion","13.8713","31.4943"
"734","D3CA21","Brazilian subregion","23.1803","64.7019"
"735","D3CA21","Chacoan dominion","2.5262","3.913"
"736","D3CA21","Boreal Brazilian dominion","15.7157","16.2219"
"737","D3CA21","South-eastern Amazonian dominion","88.9352","27.5816"
"738","D3CA21","South Brazilian dominion","47.3467","48.48"
"739","D3CA21","Cerrado province","6.4539","3.913"
"740","D3CA21","Pará province","61.4777","6.9"
"741","D3CA21","Xingu-Tapajós province","88.9352","27.5816"
"742","D3CA21","Roraima province","35.6254","6.7841"
"743","D3CA21","Guianan Lowlands province","15.4181","2.5359"
"744","D3CA21","Madeira province","74.0651","33.1811"
"745","D3CA21","Rondônia province","35.9286","15.1651"
"746","D3CA21","Yungas province","1.4457","0.1341"
"747","D3CA21","Imerí province","0.0063","0.002"
"748","D3CA22","Neotropical region","4.0448","75.2061"
"749","D3CA22","Brazilian subregion","8.335","75.0951"
"750","D3CA22","South American Transition Zone","0.0724","0.111"
"751","D3CA22","Boreal Brazilian dominion","6.071","20.2273"
"752","D3CA22","Pacific dominion","37.4391","54.8708"
"753","D3CA22","Guianan Lowlands province","0.0279","0.0148"
"754","D3CA22","Guajira province","44.6308","7.3331"
"755","D3CA22","Venezuelan province","99.7719","10.0685"
"756","D3CA22","Sabana province","82.9114","37.4699"
"757","D3CA22","Pantepui province","33.5019","17.9949"
"758","D3CA22","Imerí province","2.1827","2.2177"
"759","D3CA22","Paramo province","1.1539","0.111"
"760","D3CA23","Neotropical region","15.5083","96.3366"
"761","D3CA23","Chacoan subregion","0.2712","0.6641"
"762","D3CA23","Brazilian subregion","28.9271","87.0723"
"763","D3CA23","South American Transition Zone","16.7863","8.6009"
"764","D3CA23","Chacoan dominion","0.3976","0.6641"
"765","D3CA23","South Brazilian dominion","52.4594","57.9261"
"766","D3CA23","Pacific dominion","21.7682","10.6587"
"767","D3CA23","Boreal Brazilian dominion","16.6096","18.4886"
"768","D3CA23","Chacoan province","1.7622","0.6641"
"769","D3CA23","Madeira province","25.6895","12.4111"
"770","D3CA23","Rondônia province","68.9355","31.3781"
"771","D3CA23","Ucayali province","100","6.5931"
"772","D3CA23","Yungas province","75.4594","7.5486"
"773","D3CA23","Puna province","23.5762","4.3942"
"774","D3CA23","Desert province","44.2725","2.3982"
"775","D3CA23","Ecuadorian province","92.4783","1.3539"
"776","D3CA23","Western Ecuador province","89.838","1.9291"
"777","D3CA23","Chocó-Darién province","13.7535","0.3563"
"778","D3CA23","Sabana province","4.7297","0.7141"
"779","D3CA23","Imerí province","27.7976","9.4355"
"780","D3CA23","Magdalena province","14.989","1.0824"
"781","D3CA23","Napo province","100","9.0531"
"782","D3CA23","Cauca province","74.648","5.2233"
"783","D3CA23","Paramo province","56.2854","1.8095"
"784","D3CA24","Neotropical region","13.4332","93.3182"
"785","D3CA24","Chacoan subregion","27.5809","75.5203"
"786","D3CA24","Brazilian subregion","1.6972","5.713"
"787","D3CA24","South American Transition Zone","21.0933","12.0864"
"788","D3CA24","Parana dominion","19.2085","9.5314"
"789","D3CA24","Chacoan dominion","35.327","65.9906"
"790","D3CA24","South Brazilian dominion","4.6265","5.713"
"791","D3CA24","Araucaria Forest province","28.0932","2.0795"
"792","D3CA24","Pampean province","67.034","28.7918"
"793","D3CA24","Chacoan province","88.2594","37.1992"
"794","D3CA24","Rondônia province","4.9333","2.5112"
"795","D3CA24","Monte province","25.1281","4.7397"
"796","D3CA24","Prepuna province","9.7697","0.3763"
"797","D3CA24","Parana Forest province","24.1617","7.452"
"798","D3CA24","Yungas province","28.6227","3.202"
"799","D3CA24","Puna province","33.2546","6.9313"
"800","D3CA24","Atacaman province","0.9612","0.0393"
"801","D3CA25","Neotropical region","3.0963","64.2401"
"802","D3CA25","Brazilian subregion","6.3899","64.2401"
"803","D3CA25","Boreal Brazilian dominion","17.2792","64.2401"
"804","D3CA25","Roraima province","16.8301","11.5433"
"805","D3CA25","Guianan Lowlands province","85.0482","50.382"
"806","D3CA25","Pantepui province","3.8825","2.327"
"807","D3CA26","Neotropical region","4.6759","50.4433"
"808","D3CA26","Neartic region","0.3574","0.1966"
"809","D3CA26","Brazilian subregion","7.6317","39.8941"
"810","D3CA26","Mexican Transition Zone","36.0311","10.5511"
"811","D3CA26","Pacific dominion","1.87","1.5901"
"812","D3CA26","Mesoamerican dominion","72.7693","38.3041"
"813","D3CA26","Puntarenas-Chiriquí province","19.4269","0.6712"
"814","D3CA26","Pacific Lowlands province","49.4962","7.9503"
"815","D3CA26","Transmexican Volcanic Belt province","33.1023","1.4889"
"816","D3CA26","Balsas Basin province","20.9934","0.6981"
"817","D3CA26","Sierra Madre del Sur province","93.3113","3.451"
"818","D3CA26","Sierra Madre Oriental province","6.2769","0.1138"
"819","D3CA26","Yucatán Peninsula province","99.0622","7.4951"
"820","D3CA26","Veracruzan province","86.7253","14.9283"
"821","D3CA26","Chiapas Highlands province","100","5.4974"
"822","D3CA26","Guatuso-Talamanca province","25.1302","0.9189"
"823","D3CA26","Mosquito province","85.3813","7.2323"
"824","D3CA27","Neotropical region","11.1014","97.2956"
"825","D3CA27","Brazilian subregion","21.1499","89.8196"
"826","D3CA27","South American Transition Zone","10.346","7.4792"
"827","D3CA27","South Brazilian dominion","27.8818","43.437"
"828","D3CA27","Pacific dominion","21.7684","15.0383"
"829","D3CA27","Boreal Brazilian dominion","19.9594","31.3459"
"830","D3CA27","Madeira province","12.2173","8.3275"
"831","D3CA27","Rondônia province","33.1098","21.2632"
"832","D3CA27","Ucayali province","98.2596","9.1402"
"833","D3CA27","Yungas province","33.3751","4.7104"
"834","D3CA27","Puna province","11.2162","2.9494"
"835","D3CA27","Desert province","18.0021","1.3758"
"836","D3CA27","Ecuadorian province","54.2852","1.1213"
"837","D3CA27","Chocó-Darién province","51.3535","1.8769"
"838","D3CA27","Sabana province","10.4841","2.2333"
"839","D3CA27","Imerí province","38.8617","18.6109"
"840","D3CA27","Magdalena province","52.6847","5.3678"
"841","D3CA27","Napo province","99.7039","12.735"
"842","D3CA27","Cauca province","44.9759","4.4401"
"843","D3CA27","Paramo province","69.5429","3.1542"
"844","D3CA28","Neotropical region","4.7887","99.9887"
"845","D3CA28","Chacoan subregion","3.2051","26.3783"
"846","D3CA28","Brazilian subregion","7.2756","73.6124"
"847","D3CA28","South-eastern Amazonian dominion","23.4648","26.3783"
"848","D3CA28","South Brazilian dominion","19.8332","73.6124"
"849","D3CA28","Xingu-Tapajós province","23.4648","26.3783"
"850","D3CA28","Madeira province","44.8887","72.8949"
"851","D3CA28","Rondônia province","0.4692","0.7178"
"852","D3CA29","Neotropical region","11.3651","80.8882"
"853","D3CA29","Chacoan subregion","28.8061","80.8097"
"854","D3CA29","Brazilian subregion","0.0228","0.0785"
"855","D3CA29","Chacoan dominion","18.4451","35.3005"
"856","D3CA29","Parana dominion","89.5286","45.5145"
"857","D3CA29","South Brazilian dominion","0.062","0.0785"
"858","D3CA29","Caatinga province","16.4769","4.8269"
"859","D3CA29","Cerrado province","36.398","27.2661"
"860","D3CA29","Araucaria Forest province","96.4937","7.3178"
"861","D3CA29","Atlantic province","77.7344","9.0715"
"862","D3CA29","Pampean province","5.2596","2.3145"
"863","D3CA29","Chacoan province","2.0682","0.8931"
"864","D3CA29","Rondônia province","0.1505","0.0785"
"865","D3CA29","Parana Forest province","92.2162","29.139"
"866","D3CA3","Neotropical region","21.2314","74.9692"
"867","D3CA3","Chacoan subregion","50.4888","70.2695"
"868","D3CA3","Brazilian subregion","2.7468","4.6999"
"869","D3CA3","Chacoan dominion","48.7849","46.321"
"870","D3CA3","Boreal Brazilian dominion","7.4278","4.6999"
"871","D3CA3","Parana dominion","86.623","21.8481"
"872","D3CA3","South-eastern Amazonian dominion","11.0648","2.1035"
"873","D3CA3","Caatinga province","100","14.5339"
"874","D3CA3","Cerrado province","80.3966","29.8797"
"875","D3CA3","Pará province","68.3123","4.6999"
"876","D3CA3","Araucaria Forest province","98.0763","3.6901"
"877","D3CA3","Xingu-Tapajós province","11.0648","2.1035"
"878","D3CA3","Atlantic province","100","5.7897"
"879","D3CA3","Pampean province","8.7371","1.9075"
"880","D3CA3","Parana Forest province","78.9399","12.3753"
"881","D3CA30","Neotropical region","77.0015","88.0171"
"882","D3CA30","Chacoan subregion","81.1152","36.5458"
"883","D3CA30","Brazilian subregion","86.6818","48.0113"
"884","D3CA30","South American Transition Zone","36.6866","3.4589"
"885","D3CA30","Antillean subregion","0.1654","0.0022"
"886","D3CA30","Chacoan dominion","72.3183","22.2282"
"887","D3CA30","Boreal Brazilian dominion","98.1168","20.0969"
"888","D3CA30","Parana dominion","100","8.1648"
"889","D3CA30","South-eastern Amazonian dominion","100","6.1541"
"890","D3CA30","South Brazilian dominion","99.529","20.2228"
"891","D3CA30","Pacific dominion","85.3723","7.692"
"892","D3CA30","Caatinga province","89.5654","4.2139"
"893","D3CA30","Cerrado province","100","12.031"
"894","D3CA30","Pará province","96.0576","2.1393"
"895","D3CA30","Araucaria Forest province","100","1.218"
"896","D3CA30","Xingu-Tapajós province","100","6.1541"
"897","D3CA30","Atlantic province","100","1.8742"
"898","D3CA30","Roraima province","98.0167","3.7038"
"899","D3CA30","Guianan Lowlands province","93.1517","3.0402"
"900","D3CA30","Pampean province","20.4078","1.4423"
"901","D3CA30","Chacoan province","65.4983","4.5424"
"902","D3CA30","Madeira province","100","8.8899"
"903","D3CA30","Rondônia province","100","8.3758"
"904","D3CA30","Ucayali province","100","1.2132"
"905","D3CA30","Parana Forest province","100","5.0749"
"906","D3CA30","Yungas province","94.8007","1.745"
"907","D3CA30","Puna province","57.1597","1.9604"
"908","D3CA30","Atacaman province","15.8834","0.1069"
"909","D3CA30","Desert province","80.2848","0.8002"
"910","D3CA30","Ecuadorian province","92.4783","0.2491"
"911","D3CA30","Western Ecuador province","89.838","0.355"
"912","D3CA30","Chocó-Darién province","81.8463","0.3901"
"913","D3CA30","Guajira province","67.6444","0.6833"
"914","D3CA30","Venezuelan province","100","0.6204"
"915","D3CA30","Sabana province","100","2.7783"
"916","D3CA30","Trinidad province","100","0.0287"
"917","D3CA30","Pantepui province","100","3.3021"
"918","D3CA30","Imerí province","100","6.2459"
"919","D3CA30","Magdalena province","98.9189","1.3145"
"920","D3CA30","Napo province","100","1.6659"
"921","D3CA30","Cauca province","98.0236","1.2621"
"922","D3CA30","Paramo province","100","0.5916"
"923","D3CA30","Guatuso-Talamanca province","2.7796","0.0108"
"924","D3CA30","Lesser Antilles province","5.9922","0.0022"
"925","D3CA31","Neotropical region","6.588","91.0515"
"926","D3CA31","Chacoan subregion","9.2658","50.4761"
"927","D3CA31","Brazilian subregion","6.0589","40.5765"
"928","D3CA31","Chacoan dominion","2.2582","8.3924"
"929","D3CA31","Boreal Brazilian dominion","14.6717","36.3355"
"930","D3CA31","South-eastern Amazonian dominion","56.557","42.084"
"931","D3CA31","South Brazilian dominion","1.7263","4.2409"
"932","D3CA31","Cerrado province","5.7692","8.3924"
"933","D3CA31","Pará province","61.8996","16.6688"
"934","D3CA31","Xingu-Tapajós province","56.557","42.084"
"935","D3CA31","Roraima province","43.0446","19.6668"
"936","D3CA31","Madeira province","3.9455","4.2409"
"937","D3CA4","Neotropical region","29.4387","88.3604"
"938","D3CA4","Chacoan subregion","61.4788","72.7332"
"939","D3CA4","Brazilian subregion","10.5975","15.4131"
"940","D3CA4","South American Transition Zone","0.8708","0.2156"
"941","D3CA4","Chacoan dominion","57.4262","46.3488"
"942","D3CA4","Boreal Brazilian dominion","0.1252","0.0673"
"943","D3CA4","Parana dominion","93.3773","20.0197"
"944","D3CA4","South-eastern Amazonian dominion","39.4045","6.3677"
"945","D3CA4","South Brazilian dominion","28.7624","15.3458"
"946","D3CA4","Caatinga province","68.3798","8.4479"
"947","D3CA4","Cerrado province","90.775","28.6775"
"948","D3CA4","Pará province","1.1511","0.0673"
"949","D3CA4","Araucaria Forest province","96.4937","3.0861"
"950","D3CA4","Xingu-Tapajós province","39.4045","6.3677"
"951","D3CA4","Atlantic province","83.8467","4.1265"
"952","D3CA4","Pampean province","5.6991","1.0576"
"953","D3CA4","Chacoan province","44.8605","8.1694"
"954","D3CA4","Madeira province","19.6615","4.5897"
"955","D3CA4","Rondônia province","45.8066","10.0745"
"956","D3CA4","Parana Forest province","96.1508","12.813"
"957","D3CA4","Yungas province","14.1046","0.6817"
"958","D3CA4","Puna province","2.3938","0.2156"
"959","D3CA5","Neotropical region","21.8604","97.3125"
"960","D3CA5","Chacoan subregion","5.1527","9.0409"
"961","D3CA5","Brazilian subregion","36.1553","77.9885"
"962","D3CA5","South American Transition Zone","28.011","10.285"
"963","D3CA5","Chacoan dominion","7.0068","8.3873"
"964","D3CA5","South-eastern Amazonian dominion","2.7275","0.6537"
"965","D3CA5","South Brazilian dominion","80.6622","63.8269"
"966","D3CA5","Pacific dominion","8.8308","3.0986"
"967","D3CA5","Boreal Brazilian dominion","13.8696","11.0635"
"968","D3CA5","Cerrado province","5.3212","2.4932"
"969","D3CA5","Xingu-Tapajós province","2.7275","0.6537"
"970","D3CA5","Chacoan province","21.8233","5.8941"
"971","D3CA5","Madeira province","63.3381","21.9282"
"972","D3CA5","Rondônia province","93.1439","30.3823"
"973","D3CA5","Ucayali province","100","4.7247"
"974","D3CA5","Yungas province","94.8005","6.7959"
"975","D3CA5","Puna province","52.1223","6.9616"
"976","D3CA5","Desert province","70.83","2.7494"
"977","D3CA5","Ecuadorian province","92.4783","0.9702"
"978","D3CA5","Western Ecuador province","14.5841","0.2244"
"979","D3CA5","Imerí province","20.1643","4.9048"
"980","D3CA5","Napo province","94.9309","6.1587"
"981","D3CA5","Cauca province","37.9757","1.9042"
"982","D3CA5","Paramo province","24.9381","0.5745"
"983","D3CA6","Neotropical region","28.2347","91.9239"
"984","D3CA6","Chacoan subregion","9.4527","12.1303"
"985","D3CA6","Brazilian subregion","50.5707","79.7798"
"986","D3CA6","South American Transition Zone","0.0529","0.0142"
"987","D3CA6","Chacoan dominion","0.1433","0.1255"
"988","D3CA6","Boreal Brazilian dominion","87.2577","50.9059"
"989","D3CA6","South-eastern Amazonian dominion","68.4878","12.0048"
"990","D3CA6","South Brazilian dominion","38.3623","22.2011"
"991","D3CA6","Pacific dominion","26.0047","6.6735"
"992","D3CA6","Cerrado province","0.3661","0.1255"
"993","D3CA6","Pará province","61.4777","3.8998"
"994","D3CA6","Xingu-Tapajós province","68.4878","12.0048"
"995","D3CA6","Roraima province","100","10.7628"
"996","D3CA6","Guianan Lowlands province","100","9.2959"
"997","D3CA6","Madeira province","79.6744","20.174"
"998","D3CA6","Rondônia province","6.8136","1.6255"
"999","D3CA6","Ucayali province","11.6228","0.4016"
"1000","D3CA6","Venezuelan province","44.6446","0.7889"
"1001","D3CA6","Sabana province","74.3644","5.8846"
"1002","D3CA6","Pantepui province","100","9.4052"
"1003","D3CA6","Imerí province","92.3667","16.4321"
"1004","D3CA6","Napo province","23.4489","1.1126"
"1005","D3CA6","Paramo province","0.8436","0.0142"
"1006","D3CA7","Neotropical region","6.9795","77.266"
"1007","D3CA7","Brazilian subregion","14.2399","76.387"
"1008","D3CA7","Chacoan subregion","0.2014","0.879"
"1009","D3CA7","Boreal Brazilian dominion","34.936","69.3038"
"1010","D3CA7","South-eastern Amazonian dominion","1.4748","0.879"
"1011","D3CA7","Pacific dominion","8.1193","7.085"
"1012","D3CA7","Pará province","4.1872","0.9032"
"1013","D3CA7","Xingu-Tapajós province","1.4748","0.879"
"1014","D3CA7","Roraima province","45.801","16.7618"
"1015","D3CA7","Guianan Lowlands province","100","31.6091"
"1016","D3CA7","Venezuelan province","23.3002","1.4"
"1017","D3CA7","Sabana province","21.1282","5.6851"
"1018","D3CA7","Pantepui province","62.6542","20.0372"
"1019","D3CA8","Neotropical region","10.9815","61.2367"
"1020","D3CA8","Brazilian subregion","21.8992","59.1732"
"1021","D3CA8","South American Transition Zone","4.2205","1.9412"
"1022","D3CA8","Antillean subregion","1.898","0.1236"
"1023","D3CA8","Boreal Brazilian dominion","20.8696","20.8536"
"1024","D3CA8","Pacific dominion","83.0561","36.5071"
"1025","D3CA8","Mesoamerican dominion","6.6672","1.8141"
"1026","D3CA8","Guianan Lowlands province","14.5912","2.3232"
"1027","D3CA8","Chocó-Darién province","89.9228","2.0911"
"1028","D3CA8","Guajira province","100","4.9277"
"1029","D3CA8","Venezuelan province","100","3.0265"
"1030","D3CA8","Sabana province","100","13.5537"
"1031","D3CA8","Trinidad province","100","0.1401"
"1032","D3CA8","Pantepui province","55.3584","8.9177"
"1033","D3CA8","Imerí province","30.1985","9.2016"
"1034","D3CA8","Magdalena province","100","6.4826"
"1035","D3CA8","Napo province","5.0691","0.412"
"1036","D3CA8","Cauca province","41.5635","2.6107"
"1037","D3CA8","Paramo province","67.2665","1.9412"
"1038","D3CA8","Puntarenas-Chiriquí province","100","1.786"
"1039","D3CA8","Pacific Lowlands province","12.4311","1.0321"
"1040","D3CA8","Guatuso-Talamanca province","100","1.8901"
"1041","D3CA8","Lesser Antilles province","68.7574","0.1236"
"1042","D3CA8","Mosquito province","17.8585","0.7819"
"1043","D3CA9","Neotropical region","3.8646","80.2704"
"1044","D3CA9","Brazilian subregion","7.0808","71.2656"
"1045","D3CA9","South American Transition Zone","5.259","9.0098"
"1046","D3CA9","Pacific dominion","30.9969","50.7485"
"1047","D3CA9","Boreal Brazilian dominion","5.5127","20.5179"
"1048","D3CA9","Chocó-Darién province","81.8463","7.0891"
"1049","D3CA9","Guajira province","23.0136","4.224"
"1050","D3CA9","Sabana province","10.498","5.2999"
"1051","D3CA9","Imerí province","7.6333","8.6634"
"1052","D3CA9","Magdalena province","98.9189","23.885"
"1053","D3CA9","Napo province","39.1617","11.8544"
"1054","D3CA9","Cauca province","42.9828","10.0564"
"1055","D3CA9","Paramo province","83.8189","9.0098"
"1056","D3CA9","Guatuso-Talamanca province","2.7796","0.1957"
