"","NDM_SppCode","Species","Spatial_Scale","Analysis","Consensus_Rule","Number_CAs","Consensus_Area","Individual_Areas","Number_Spp","Cons_Area_Min_Score","Cons_Area_Max_Score","Spp_Min_Score","Spp_Max_Score","Groups","Approx_geo","Area_name","Geo_name","Geo_sector"
"1","82","Amphilophium crucigerum",3,"D","Loose 40","32","CA 0","7","5",2.64,2.89,"0.000","0.892","0","NEO","D3CA0","NEO_1","Continental patterns"
"2","224","Dolichandra unguis-cati",3,"D","Loose 40","32","CA 0","7","5",2.64,2.89,"0.836","0.876","0","NEO","D3CA0","NEO_1","Continental patterns"
"3","388","GRP-2",3,"D","Loose 40","32","CA 0","7","5",2.64,2.89,"0.000","0.954","1","NEO","D3CA0","NEO_1","Continental patterns"
"4","401","GRP-15",3,"D","Loose 40","32","CA 0","7","5",2.64,2.89,"0.000","0.939","1","NEO","D3CA0","NEO_1","Continental patterns"
"5","402","GRP-16",3,"D","Loose 40","32","CA 0","7","5",2.64,2.89,"0.000","0.946","1","NEO","D3CA0","NEO_1","Continental patterns"
"6","191","Bignonia sciuripabulum",3,"D","Loose 40","32","CA 30","1","3",2.587,2.837,"0.828","0.828","0","SA","D3CA30","SA_1","Continental patterns"
"7","340","Pyrostegia venusta",3,"D","Loose 40","32","CA 30","1","3",2.587,2.837,"0.862","0.862","0","SA","D3CA30","SA_1","Continental patterns"
"8","400","GRP-14",3,"D","Loose 40","32","CA 30","1","3",2.587,2.837,"0.897","0.897","1","SA","D3CA30","SA_1","Continental patterns"
"9","48","Adenocalymma molle",1,"D","Loose 40","10","CA 7","1","3",2.473,2.723,"0.844","0.844","0","AM","D1CA7","AM_1","Amazonia"
"10","112","Amphilophium reticulatum",1,"D","Loose 40","10","CA 7","1","3",2.473,2.723,"0.786","0.786","0","AM","D1CA7","AM_1","Amazonia"
"11","367","Tynanthus densiflorus",1,"D","Loose 40","10","CA 7","1","3",2.473,2.723,"0.844","0.844","0","AM","D1CA7","AM_1","Amazonia"
"12","5","Adenocalymma allamandiflorum",2,"D","Loose 40","28","CA 5","7","7",2.27,3.02,"0.000","0.634","0","AM","D2CA5","AM_2","Amazonia"
"13","34","Adenocalymma gracielzae",2,"D","Loose 40","28","CA 5","7","7",2.27,3.02,"0.000","0.662","0","AM","D2CA5","AM_2","Amazonia"
"14","45","Adenocalymma magnificum",2,"D","Loose 40","28","CA 5","7","7",2.27,3.02,"0.000","0.552","0","AM","D2CA5","AM_2","Amazonia"
"15","71","Adenocalymma velutinum",2,"D","Loose 40","28","CA 5","7","7",2.27,3.02,"0.000","0.788","0","AM","D2CA5","AM_2","Amazonia"
"16","299","Mansoa angustidens",2,"D","Loose 40","28","CA 5","7","7",2.27,3.02,"0.000","0.500","0","AM","D2CA5","AM_2","Amazonia"
"17","323","Pleonotoma bracteata",2,"D","Loose 40","28","CA 5","7","7",2.27,3.02,"0.000","0.787","0","AM","D2CA5","AM_2","Amazonia"
"18","339","Pyrostegia millingtonioides",2,"D","Loose 40","28","CA 5","7","7",2.27,3.02,"0.000","0.750","0","AM","D2CA5","AM_2","Amazonia"
"19","177","Bignonia lilacina",2,"D","Loose 40","28","CA 6","2","4",2.395,3.145,"0.658","0.717","0","AM","D2CA6","AM_3","Amazonia"
"20","203","Cuspidaria inaequalis",2,"D","Loose 40","28","CA 6","2","4",2.395,3.145,"0.786","0.831","0","AM","D2CA6","AM_3","Amazonia"
"21","286","Lundia densiflora",2,"D","Loose 40","28","CA 6","2","4",2.395,3.145,"0.802","0.847","0","AM","D2CA6","AM_3","Amazonia"
"22","346","Tanaecium bilabiatum",2,"D","Loose 40","28","CA 6","2","4",2.395,3.145,"0.000","0.815","0","AM","D2CA6","AM_3","Amazonia"
"23","166","Bignonia bracteomana",2,"D","Loose 40","28","CA 19","1","3",2.354,2.604,"0.839","0.839","0","AM","D2CA19","AM_4","Amazonia"
"24","255","Fridericia nicotianiflora",2,"D","Loose 40","28","CA 19","1","3",2.354,2.604,"0.705","0.705","0","AM","D2CA19","AM_4","Amazonia"
"25","344","Tanaecium affine",2,"D","Loose 40","28","CA 19","1","3",2.354,2.604,"0.811","0.811","0","AM","D2CA19","AM_4","Amazonia"
"26","260","Fridericia pearcei",2,"D","Loose 40","28","CA 21","1","3",2.532,2.782,"0.848","0.848","0","AM","D2CA21","AM_5","Amazonia"
"27","295","Lundia spruceana",2,"D","Loose 40","28","CA 21","1","3",2.532,2.782,"0.841","0.841","0","AM","D2CA21","AM_5","Amazonia"
"28","364","Tanaecium xanthophyllum",2,"D","Loose 40","28","CA 21","1","3",2.532,2.782,"0.844","0.844","0","AM","D2CA21","AM_5","Amazonia"
"29","151","Anemopaegma paraense",2,"D","Loose 40","28","CA 25","1","3",2.337,2.587,"0.739","0.739","0","AM","D2CA25","AM_6","Amazonia"
"30","287","Lundia erionema",2,"D","Loose 40","28","CA 25","1","3",2.337,2.587,"0.798","0.798","0","AM","D2CA25","AM_6","Amazonia"
"31","346","Tanaecium bilabiatum",2,"D","Loose 40","28","CA 25","1","3",2.337,2.587,"0.799","0.799","0","AM","D2CA25","AM_6","Amazonia"
"32","48","Adenocalymma molle",2,"D","Loose 40","28","CA 26","1","3",2.1,2.35,"0.800","0.800","0","AM","D2CA26","AM_7","Amazonia"
"33","198","Cuspidaria cinerea",2,"D","Loose 40","28","CA 26","1","3",2.1,2.35,"0.500","0.500","0","AM","D2CA26","AM_7","Amazonia"
"34","367","Tynanthus densiflorus",2,"D","Loose 40","28","CA 26","1","3",2.1,2.35,"0.800","0.800","0","AM","D2CA26","AM_7","Amazonia"
"35","15","Adenocalymma bracteosum",3,"D","Loose 40","32","CA 2","39","17",2.311,6.013,"0.000","0.785","0","AM","D3CA2","AM_8","Amazonia"
"36","39","Adenocalymma impressum",3,"D","Loose 40","32","CA 2","39","17",2.311,6.013,"0.000","0.728","0","AM","D3CA2","AM_8","Amazonia"
"37","61","Adenocalymma schomburgkii",3,"D","Loose 40","32","CA 2","39","17",2.311,6.013,"0.000","0.864","0","AM","D3CA2","AM_8","Amazonia"
"38","92","Amphilophium granulosum",3,"D","Loose 40","32","CA 2","39","17",2.311,6.013,"0.000","0.811","0","AM","D3CA2","AM_8","Amazonia"
"39","111","Amphilophium racemosum",3,"D","Loose 40","32","CA 2","39","17",2.311,6.013,"0.000","0.861","0","AM","D3CA2","AM_8","Amazonia"
"40","151","Anemopaegma paraense",3,"D","Loose 40","32","CA 2","39","17",2.311,6.013,"0.000","0.837","0","AM","D3CA2","AM_8","Amazonia"
"41","177","Bignonia lilacina",3,"D","Loose 40","32","CA 2","39","17",2.311,6.013,"0.000","0.829","0","AM","D3CA2","AM_8","Amazonia"
"42","183","Bignonia nocturna",3,"D","Loose 40","32","CA 2","39","17",2.311,6.013,"0.000","0.785","0","AM","D3CA2","AM_8","Amazonia"
"43","203","Cuspidaria inaequalis",3,"D","Loose 40","32","CA 2","39","17",2.311,6.013,"0.000","0.879","0","AM","D3CA2","AM_8","Amazonia"
"44","243","Fridericia fanshawei",3,"D","Loose 40","32","CA 2","39","17",2.311,6.013,"0.000","0.798","0","AM","D3CA2","AM_8","Amazonia"
"45","256","Fridericia nigrescens",3,"D","Loose 40","32","CA 2","39","17",2.311,6.013,"0.000","0.565","0","AM","D3CA2","AM_8","Amazonia"
"46","265","Fridericia prancei",3,"D","Loose 40","32","CA 2","39","17",2.311,6.013,"0.000","0.760","0","AM","D3CA2","AM_8","Amazonia"
"47","280","Fridericia tuberculata",3,"D","Loose 40","32","CA 2","39","17",2.311,6.013,"0.000","0.756","0","AM","D3CA2","AM_8","Amazonia"
"48","286","Lundia densiflora",3,"D","Loose 40","32","CA 2","39","17",2.311,6.013,"0.000","0.881","0","AM","D3CA2","AM_8","Amazonia"
"49","287","Lundia erionema",3,"D","Loose 40","32","CA 2","39","17",2.311,6.013,"0.000","0.795","0","AM","D3CA2","AM_8","Amazonia"
"50","325","Pleonotoma clematis",3,"D","Loose 40","32","CA 2","39","17",2.311,6.013,"0.000","0.794","0","AM","D3CA2","AM_8","Amazonia"
"51","346","Tanaecium bilabiatum",3,"D","Loose 40","32","CA 2","39","17",2.311,6.013,"0.000","0.881","0","AM","D3CA2","AM_8","Amazonia"
"52","69","Adenocalymma uleanum",3,"D","Loose 40","32","CA 5","17","13",2.321,4.077,"0.000","0.821","0","AM","D3CA5","AM_9","Amazonia"
"53","83","Amphilophium cuneifolium",3,"D","Loose 40","32","CA 5","17","13",2.321,4.077,"0.000","0.589","0","AM","D3CA5","AM_9","Amazonia"
"54","100","Amphilophium nunezii",3,"D","Loose 40","32","CA 5","17","13",2.321,4.077,"0.000","0.703","0","AM","D3CA5","AM_9","Amazonia"
"55","138","Anemopaegma insculptum",3,"D","Loose 40","32","CA 5","17","13",2.321,4.077,"0.000","0.642","0","AM","D3CA5","AM_9","Amazonia"
"56","190","Bignonia sanctae-crucis",3,"D","Loose 40","32","CA 5","17","13",2.321,4.077,"0.000","0.733","0","AM","D3CA5","AM_9","Amazonia"
"57","193","Bignonia uleana",3,"D","Loose 40","32","CA 5","17","13",2.321,4.077,"0.000","0.906","0","AM","D3CA5","AM_9","Amazonia"
"58","201","Cuspidaria emmonsii",3,"D","Loose 40","32","CA 5","17","13",2.321,4.077,"0.000","0.833","0","AM","D3CA5","AM_9","Amazonia"
"59","225","Fridericia arthrerion",3,"D","Loose 40","32","CA 5","17","13",2.321,4.077,"0.000","0.729","0","AM","D3CA5","AM_9","Amazonia"
"60","260","Fridericia pearcei",3,"D","Loose 40","32","CA 5","17","13",2.321,4.077,"0.000","0.811","0","AM","D3CA5","AM_9","Amazonia"
"61","264","Fridericia poeppigii",3,"D","Loose 40","32","CA 5","17","13",2.321,4.077,"0.000","0.830","0","AM","D3CA5","AM_9","Amazonia"
"62","295","Lundia spruceana",3,"D","Loose 40","32","CA 5","17","13",2.321,4.077,"0.000","0.788","0","AM","D3CA5","AM_9","Amazonia"
"63","335","Pleonotoma pavettiflora",3,"D","Loose 40","32","CA 5","17","13",2.321,4.077,"0.000","0.645","0","AM","D3CA5","AM_9","Amazonia"
"64","364","Tanaecium xanthophyllum",3,"D","Loose 40","32","CA 5","17","13",2.321,4.077,"0.000","0.871","0","AM","D3CA5","AM_9","Amazonia"
"65","61","Adenocalymma schomburgkii",3,"D","Loose 40","32","CA 6","9","11",2.144,3.144,"0.000","0.735","0","AM","D3CA6","AM_10","Amazonia"
"66","66","Adenocalymma tanaeciicarpum",3,"D","Loose 40","32","CA 6","9","11",2.144,3.144,"0.000","0.754","0","AM","D3CA6","AM_10","Amazonia"
"67","97","Amphilophium magnoliifolium",3,"D","Loose 40","32","CA 6","9","11",2.144,3.144,"0.000","0.729","0","AM","D3CA6","AM_10","Amazonia"
"68","110","Amphilophium pulverulentum",3,"D","Loose 40","32","CA 6","9","11",2.144,3.144,"0.000","0.803","0","AM","D3CA6","AM_10","Amazonia"
"69","130","Anemopaegma foetidum",3,"D","Loose 40","32","CA 6","9","11",2.144,3.144,"0.000","0.779","0","AM","D3CA6","AM_10","Amazonia"
"70","156","Anemopaegma robustum",3,"D","Loose 40","32","CA 6","9","11",2.144,3.144,"0.000","0.762","0","AM","D3CA6","AM_10","Amazonia"
"71","192","Bignonia sordida",3,"D","Loose 40","32","CA 6","9","11",2.144,3.144,"0.000","0.824","0","AM","D3CA6","AM_10","Amazonia"
"72","214","Cuspidaria subincana",3,"D","Loose 40","32","CA 6","9","11",2.144,3.144,"0.000","0.678","0","AM","D3CA6","AM_10","Amazonia"
"73","256","Fridericia nigrescens",3,"D","Loose 40","32","CA 6","9","11",2.144,3.144,"0.000","0.773","0","AM","D3CA6","AM_10","Amazonia"
"74","325","Pleonotoma clematis",3,"D","Loose 40","32","CA 6","9","11",2.144,3.144,"0.000","0.628","0","AM","D3CA6","AM_10","Amazonia"
"75","331","Pleonotoma jasminifolia",3,"D","Loose 40","32","CA 6","9","11",2.144,3.144,"0.000","0.662","0","AM","D3CA6","AM_10","Amazonia"
"76","92","Amphilophium granulosum",3,"D","Loose 40","32","CA 10","6","6",2.024,3.024,"0.000","0.598","0","AM","D3CA10","AM_11","Amazonia"
"77","197","Cuspidaria bracteolata",3,"D","Loose 40","32","CA 10","6","6",2.024,3.024,"0.000","0.680","0","AM","D3CA10","AM_11","Amazonia"
"78","265","Fridericia prancei",3,"D","Loose 40","32","CA 10","6","6",2.024,3.024,"0.591","0.787","0","AM","D3CA10","AM_11","Amazonia"
"79","316","Martinella iquitoensis",3,"D","Loose 40","32","CA 10","6","6",2.024,3.024,"0.000","0.760","0","AM","D3CA10","AM_11","Amazonia"
"80","331","Pleonotoma jasminifolia",3,"D","Loose 40","32","CA 10","6","6",2.024,3.024,"0.000","0.866","0","AM","D3CA10","AM_11","Amazonia"
"81","363","Tanaecium truncatum",3,"D","Loose 40","32","CA 10","6","6",2.024,3.024,"0.000","0.742","0","AM","D3CA10","AM_11","Amazonia"
"82","84","Amphilophium dasytrichum",3,"D","Loose 40","32","CA 12","2","5",2.742,3.242,"0.704","0.769","0","AM","D3CA12","AM_12","Amazonia"
"83","225","Fridericia arthrerion",3,"D","Loose 40","32","CA 12","2","5",2.742,3.242,"0.589","0.592","0","AM","D3CA12","AM_12","Amazonia"
"84","335","Pleonotoma pavettiflora",3,"D","Loose 40","32","CA 12","2","5",2.742,3.242,"0.724","0.740","0","AM","D3CA12","AM_12","Amazonia"
"85","364","Tanaecium xanthophyllum",3,"D","Loose 40","32","CA 12","2","5",2.742,3.242,"0.000","0.461","0","AM","D3CA12","AM_12","Amazonia"
"86","383","Xylophragma platyphyllum",3,"D","Loose 40","32","CA 12","2","5",2.742,3.242,"0.614","0.644","0","AM","D3CA12","AM_12","Amazonia"
"87","221","Dolichandra steyermarkii",3,"D","Loose 40","32","CA 13","13","8",2.372,3.372,"0.000","0.758","0","AM","D3CA13","AM_13","Amazonia"
"88","294","Lundia puberula",3,"D","Loose 40","32","CA 13","13","8",2.372,3.372,"0.000","0.859","0","AM","D3CA13","AM_13","Amazonia"
"89","298","Mansoa alliacea",3,"D","Loose 40","32","CA 13","13","8",2.372,3.372,"0.000","0.766","0","AM","D3CA13","AM_13","Amazonia"
"90","313","Mansoa standleyi",3,"D","Loose 40","32","CA 13","13","8",2.372,3.372,"0.000","0.811","0","AM","D3CA13","AM_13","Amazonia"
"91","317","Martinella obovata",3,"D","Loose 40","32","CA 13","13","8",2.372,3.372,"0.000","0.854","0","AM","D3CA13","AM_13","Amazonia"
"92","320","Pachyptera kerere",3,"D","Loose 40","32","CA 13","13","8",2.372,3.372,"0.000","0.856","0","AM","D3CA13","AM_13","Amazonia"
"93","338","Pleonotoma variabilis",3,"D","Loose 40","32","CA 13","13","8",2.372,3.372,"0.000","0.868","0","AM","D3CA13","AM_13","Amazonia"
"94","412","GRP-26",3,"D","Loose 40","32","CA 13","13","8",2.372,3.372,"0.000","0.861","1","AM","D3CA13","AM_13","Amazonia"
"95","61","Adenocalymma schomburgkii",3,"D","Loose 40","32","CA 14","5","7",2.237,2.987,"0.000","0.781","0","AM","D3CA14","AM_14","Amazonia"
"96","92","Amphilophium granulosum",3,"D","Loose 40","32","CA 14","5","7",2.237,2.987,"0.000","0.690","0","AM","D3CA14","AM_14","Amazonia"
"97","110","Amphilophium pulverulentum",3,"D","Loose 40","32","CA 14","5","7",2.237,2.987,"0.000","0.809","0","AM","D3CA14","AM_14","Amazonia"
"98","147","Anemopaegma oligoneuron",3,"D","Loose 40","32","CA 14","5","7",2.237,2.987,"0.738","0.823","0","AM","D3CA14","AM_14","Amazonia"
"99","151","Anemopaegma paraense",3,"D","Loose 40","32","CA 14","5","7",2.237,2.987,"0.000","0.665","0","AM","D3CA14","AM_14","Amazonia"
"100","221","Dolichandra steyermarkii",3,"D","Loose 40","32","CA 14","5","7",2.237,2.987,"0.000","0.667","0","AM","D3CA14","AM_14","Amazonia"
"101","239","Fridericia egensis",3,"D","Loose 40","32","CA 14","5","7",2.237,2.987,"0.000","0.780","0","AM","D3CA14","AM_14","Amazonia"
"102","12","Adenocalymma biternatum",3,"D","Loose 40","32","CA 17","2","4",2.16,2.41,"0.754","0.775","0","AM","D3CA17","AM_15","Amazonia"
"103","39","Adenocalymma impressum",3,"D","Loose 40","32","CA 17","2","4",2.16,2.41,"0.723","0.731","0","AM","D3CA17","AM_15","Amazonia"
"104","272","Fridericia spicata",3,"D","Loose 40","32","CA 17","2","4",2.16,2.41,"0.000","0.748","0","AM","D3CA17","AM_15","Amazonia"
"105","280","Fridericia tuberculata",3,"D","Loose 40","32","CA 17","2","4",2.16,2.41,"0.000","0.653","0","AM","D3CA17","AM_15","Amazonia"
"106","1","Adenocalymma adenophorum",3,"D","Loose 40","32","CA 19","6","14",2.336,5.83,"0.000","0.808","0","AM","D3CA19","AM_16","Amazonia"
"107","20","Adenocalymma cidii",3,"D","Loose 40","32","CA 19","6","14",2.336,5.83,"0.000","0.643","0","AM","D3CA19","AM_16","Amazonia"
"108","42","Adenocalymma longilineum",3,"D","Loose 40","32","CA 19","6","14",2.336,5.83,"0.000","0.796","0","AM","D3CA19","AM_16","Amazonia"
"109","48","Adenocalymma molle",3,"D","Loose 40","32","CA 19","6","14",2.336,5.83,"0.000","0.792","0","AM","D3CA19","AM_16","Amazonia"
"110","94","Amphilophium laeve",3,"D","Loose 40","32","CA 19","6","14",2.336,5.83,"0.000","0.500","0","AM","D3CA19","AM_16","Amazonia"
"111","96","Amphilophium lohmanniae",3,"D","Loose 40","32","CA 19","6","14",2.336,5.83,"0.000","0.524","0","AM","D3CA19","AM_16","Amazonia"
"112","112","Amphilophium reticulatum",3,"D","Loose 40","32","CA 19","6","14",2.336,5.83,"0.000","0.667","0","AM","D3CA19","AM_16","Amazonia"
"113","140","Anemopaegma jucundum",3,"D","Loose 40","32","CA 19","6","14",2.336,5.83,"0.000","0.676","0","AM","D3CA19","AM_16","Amazonia"
"114","198","Cuspidaria cinerea",3,"D","Loose 40","32","CA 19","6","14",2.336,5.83,"0.000","0.750","0","AM","D3CA19","AM_16","Amazonia"
"115","207","Cuspidaria monophylla",3,"D","Loose 40","32","CA 19","6","14",2.336,5.83,"0.000","0.600","0","AM","D3CA19","AM_16","Amazonia"
"116","249","Fridericia lauta",3,"D","Loose 40","32","CA 19","6","14",2.336,5.83,"0.000","0.769","0","AM","D3CA19","AM_16","Amazonia"
"117","318","Pachyptera aromatica",3,"D","Loose 40","32","CA 19","6","14",2.336,5.83,"0.000","0.771","0","AM","D3CA19","AM_16","Amazonia"
"118","332","Pleonotoma longiflora",3,"D","Loose 40","32","CA 19","6","14",2.336,5.83,"0.000","0.750","0","AM","D3CA19","AM_16","Amazonia"
"119","367","Tynanthus densiflorus",3,"D","Loose 40","32","CA 19","6","14",2.336,5.83,"0.000","0.750","0","AM","D3CA19","AM_16","Amazonia"
"120","1","Adenocalymma adenophorum",3,"D","Loose 40","32","CA 20","1","4",2.249,2.499,"0.647","0.647","0","AM","D3CA20","AM_17","Amazonia"
"121","96","Amphilophium lohmanniae",3,"D","Loose 40","32","CA 20","1","4",2.249,2.499,"0.721","0.721","0","AM","D3CA20","AM_17","Amazonia"
"122","130","Anemopaegma foetidum",3,"D","Loose 40","32","CA 20","1","4",2.249,2.499,"0.423","0.423","0","AM","D3CA20","AM_17","Amazonia"
"123","214","Cuspidaria subincana",3,"D","Loose 40","32","CA 20","1","4",2.249,2.499,"0.458","0.458","0","AM","D3CA20","AM_17","Amazonia"
"124","63","Adenocalymma subincanum",3,"D","Loose 40","32","CA 21","1","3",2.021,2.271,"0.606","0.606","0","AM","D3CA21","AM_18","Amazonia"
"125","290","Lundia laevis",3,"D","Loose 40","32","CA 21","1","3",2.021,2.271,"0.647","0.647","0","AM","D3CA21","AM_18","Amazonia"
"126","355","Tanaecium ornithophilum",3,"D","Loose 40","32","CA 21","1","3",2.021,2.271,"0.767","0.767","0","AM","D3CA21","AM_18","Amazonia"
"127","166","Bignonia bracteomana",3,"D","Loose 40","32","CA 23","1","5",3.78,4.03,"0.815","0.815","0","AM","D3CA23","AM_19","Amazonia"
"128","255","Fridericia nicotianiflora",3,"D","Loose 40","32","CA 23","1","5",3.78,4.03,"0.759","0.759","0","AM","D3CA23","AM_19","Amazonia"
"129","260","Fridericia pearcei",3,"D","Loose 40","32","CA 23","1","5",3.78,4.03,"0.723","0.723","0","AM","D3CA23","AM_19","Amazonia"
"130","295","Lundia spruceana",3,"D","Loose 40","32","CA 23","1","5",3.78,4.03,"0.738","0.738","0","AM","D3CA23","AM_19","Amazonia"
"131","344","Tanaecium affine",3,"D","Loose 40","32","CA 23","1","5",3.78,4.03,"0.745","0.745","0","AM","D3CA23","AM_19","Amazonia"
"132","127","Anemopaegma colombianum",3,"D","Loose 40","32","CA 27","1","4",2.638,2.888,"0.724","0.724","0","AM","D3CA27","AM_20","Amazonia"
"133","166","Bignonia bracteomana",3,"D","Loose 40","32","CA 27","1","4",2.638,2.888,"0.517","0.517","0","AM","D3CA27","AM_20","Amazonia"
"134","344","Tanaecium affine",3,"D","Loose 40","32","CA 27","1","4",2.638,2.888,"0.635","0.635","0","AM","D3CA27","AM_20","Amazonia"
"135","374","Tynanthus panurensis",3,"D","Loose 40","32","CA 27","1","4",2.638,2.888,"0.762","0.762","0","AM","D3CA27","AM_20","Amazonia"
"136","17","Adenocalymma calcareum",3,"D","Loose 40","32","CA 28","1","3",2.063,2.313,"0.500","0.500","0","AM","D3CA28","AM_21","Amazonia"
"137","20","Adenocalymma cidii",3,"D","Loose 40","32","CA 28","1","3",2.063,2.313,"0.625","0.625","0","AM","D3CA28","AM_21","Amazonia"
"138","94","Amphilophium laeve",3,"D","Loose 40","32","CA 28","1","3",2.063,2.313,"0.938","0.938","0","AM","D3CA28","AM_21","Amazonia"
"139","5","Adenocalymma allamandiflorum",3,"D","Loose 40","32","CA 31","1","7",4.573,4.823,"0.768","0.768","0","AM","D3CA31","AM_22","Amazonia"
"140","34","Adenocalymma gracielzae",3,"D","Loose 40","32","CA 31","1","7",4.573,4.823,"0.586","0.586","0","AM","D3CA31","AM_22","Amazonia"
"141","45","Adenocalymma magnificum",3,"D","Loose 40","32","CA 31","1","7",4.573,4.823,"0.688","0.688","0","AM","D3CA31","AM_22","Amazonia"
"142","71","Adenocalymma velutinum",3,"D","Loose 40","32","CA 31","1","7",4.573,4.823,"0.583","0.583","0","AM","D3CA31","AM_22","Amazonia"
"143","299","Mansoa angustidens",3,"D","Loose 40","32","CA 31","1","7",4.573,4.823,"0.574","0.574","0","AM","D3CA31","AM_22","Amazonia"
"144","323","Pleonotoma bracteata",3,"D","Loose 40","32","CA 31","1","7",4.573,4.823,"0.625","0.625","0","AM","D3CA31","AM_22","Amazonia"
"145","339","Pyrostegia millingtonioides",3,"D","Loose 40","32","CA 31","1","7",4.573,4.823,"0.750","0.750","0","AM","D3CA31","AM_22","Amazonia"
"146","99","Amphilophium monophyllum",1,"D","Loose 40","10","CA 2","1","3",2.017,2.267,"0.694","0.694","0","GU","D1CA2","GU_1","Guiana Shield"
"147","158","Anemopaegma salicifolium",1,"D","Loose 40","10","CA 2","1","3",2.017,2.267,"0.702","0.702","0","GU","D1CA2","GU_1","Guiana Shield"
"148","328","Pleonotoma exserta",1,"D","Loose 40","10","CA 2","1","3",2.017,2.267,"0.620","0.620","0","GU","D1CA2","GU_1","Guiana Shield"
"149","4","Adenocalymma album",1,"D","Loose 40","10","CA 6","2","4",2.204,2.454,"0.650","0.933","0","GU","D1CA6","GU_2","Guiana Shield"
"150","59","Adenocalymma saulense",1,"D","Loose 40","10","CA 6","2","4",2.204,2.454,"0.683","0.768","0","GU","D1CA6","GU_2","Guiana Shield"
"151","135","Anemopaegma granvillei",1,"D","Loose 40","10","CA 6","2","4",2.204,2.454,"0.000","0.786","0","GU","D1CA6","GU_2","Guiana Shield"
"152","377","Tynanthus sastrei",1,"D","Loose 40","10","CA 6","2","4",2.204,2.454,"0.000","0.821","0","GU","D1CA6","GU_2","Guiana Shield"
"153","101","Amphilophium obovatum",2,"D","Loose 40","28","CA 8","3","4",2.119,2.369,"0.667","0.763","0","GU","D2CA8","GU_3","Guiana Shield"
"154","106","Amphilophium pauciflorum",2,"D","Loose 40","28","CA 8","3","4",2.119,2.369,"0.000","0.722","0","GU","D2CA8","GU_3","Guiana Shield"
"155","247","Fridericia grosourdyana",2,"D","Loose 40","28","CA 8","3","4",2.119,2.369,"0.705","0.841","0","GU","D2CA8","GU_3","Guiana Shield"
"156","327","Pleonotoma echitidea",2,"D","Loose 40","28","CA 8","3","4",2.119,2.369,"0.000","0.613","0","GU","D2CA8","GU_3","Guiana Shield"
"157","4","Adenocalymma album",2,"D","Loose 40","28","CA 11","3","6",3.392,3.892,"0.857","0.917","0","GU","D2CA11","GU_4","Guiana Shield"
"158","59","Adenocalymma saulense",2,"D","Loose 40","28","CA 11","3","6",3.392,3.892,"0.786","0.833","0","GU","D2CA11","GU_4","Guiana Shield"
"159","81","Amphilophium cremersii",2,"D","Loose 40","28","CA 11","3","6",3.392,3.892,"0.000","0.632","0","GU","D2CA11","GU_4","Guiana Shield"
"160","135","Anemopaegma granvillei",2,"D","Loose 40","28","CA 11","3","6",3.392,3.892,"0.750","0.792","0","GU","D2CA11","GU_4","Guiana Shield"
"161","257","Fridericia oligantha",2,"D","Loose 40","28","CA 11","3","6",3.392,3.892,"0.359","0.368","0","GU","D2CA11","GU_4","Guiana Shield"
"162","377","Tynanthus sastrei",2,"D","Loose 40","28","CA 11","3","6",3.392,3.892,"0.000","0.750","0","GU","D2CA11","GU_4","Guiana Shield"
"163","72","Amphilophium arenarium",2,"D","Loose 40","28","CA 12","2","6",2.174,3.424,"0.000","0.321","0","GU","D2CA12","GU_5","Guiana Shield"
"164","99","Amphilophium monophyllum",2,"D","Loose 40","28","CA 12","2","6",2.174,3.424,"0.550","0.722","0","GU","D2CA12","GU_5","Guiana Shield"
"165","158","Anemopaegma salicifolium",2,"D","Loose 40","28","CA 12","2","6",2.174,3.424,"0.781","0.821","0","GU","D2CA12","GU_5","Guiana Shield"
"166","228","Fridericia carichanensis",2,"D","Loose 40","28","CA 12","2","6",2.174,3.424,"0.000","0.303","0","GU","D2CA12","GU_5","Guiana Shield"
"167","326","Pleonotoma dendrotricha",2,"D","Loose 40","28","CA 12","2","6",2.174,3.424,"0.000","0.688","0","GU","D2CA12","GU_5","Guiana Shield"
"168","328","Pleonotoma exserta",2,"D","Loose 40","28","CA 12","2","6",2.174,3.424,"0.500","0.875","0","GU","D2CA12","GU_5","Guiana Shield"
"169","105","Amphilophium parkeri",3,"D","Loose 40","32","CA 7","3","6",2.429,2.679,"0.648","0.708","0","GU","D3CA7","GU_6","Guiana Shield"
"170","109","Amphilophium porphyrotrichum",3,"D","Loose 40","32","CA 7","3","6",2.429,2.679,"0.000","0.727","0","GU","D3CA7","GU_6","Guiana Shield"
"171","180","Bignonia microcalyx",3,"D","Loose 40","32","CA 7","3","6",2.429,2.679,"0.000","0.528","0","GU","D3CA7","GU_6","Guiana Shield"
"172","252","Fridericia mollis",3,"D","Loose 40","32","CA 7","3","6",2.429,2.679,"0.487","0.592","0","GU","D3CA7","GU_6","Guiana Shield"
"173","257","Fridericia oligantha",3,"D","Loose 40","32","CA 7","3","6",2.429,2.679,"0.000","0.800","0","GU","D3CA7","GU_6","Guiana Shield"
"174","327","Pleonotoma echitidea",3,"D","Loose 40","32","CA 7","3","6",2.429,2.679,"0.000","0.771","0","GU","D3CA7","GU_6","Guiana Shield"
"175","72","Amphilophium arenarium",3,"D","Loose 40","32","CA 11","12","18",2.015,4.298,"0.000","0.563","0","GU","D3CA11","GU_7","Guiana Shield"
"176","99","Amphilophium monophyllum",3,"D","Loose 40","32","CA 11","12","18",2.015,4.298,"0.000","0.773","0","GU","D3CA11","GU_7","Guiana Shield"
"177","106","Amphilophium pauciflorum",3,"D","Loose 40","32","CA 11","12","18",2.015,4.298,"0.000","0.667","0","GU","D3CA11","GU_7","Guiana Shield"
"178","109","Amphilophium porphyrotrichum",3,"D","Loose 40","32","CA 11","12","18",2.015,4.298,"0.000","0.611","0","GU","D3CA11","GU_7","Guiana Shield"
"179","119","Anemopaegma alatum",3,"D","Loose 40","32","CA 11","12","18",2.015,4.298,"0.000","0.548","0","GU","D3CA11","GU_7","Guiana Shield"
"180","134","Anemopaegma grandifolium",3,"D","Loose 40","32","CA 11","12","18",2.015,4.298,"0.000","0.480","0","GU","D3CA11","GU_7","Guiana Shield"
"181","140","Anemopaegma jucundum",3,"D","Loose 40","32","CA 11","12","18",2.015,4.298,"0.000","0.676","0","GU","D3CA11","GU_7","Guiana Shield"
"182","156","Anemopaegma robustum",3,"D","Loose 40","32","CA 11","12","18",2.015,4.298,"0.000","0.481","0","GU","D3CA11","GU_7","Guiana Shield"
"183","158","Anemopaegma salicifolium",3,"D","Loose 40","32","CA 11","12","18",2.015,4.298,"0.000","0.800","0","GU","D3CA11","GU_7","Guiana Shield"
"184","180","Bignonia microcalyx",3,"D","Loose 40","32","CA 11","12","18",2.015,4.298,"0.000","0.833","0","GU","D3CA11","GU_7","Guiana Shield"
"185","207","Cuspidaria monophylla",3,"D","Loose 40","32","CA 11","12","18",2.015,4.298,"0.000","0.600","0","GU","D3CA11","GU_7","Guiana Shield"
"186","228","Fridericia carichanensis",3,"D","Loose 40","32","CA 11","12","18",2.015,4.298,"0.000","0.893","0","GU","D3CA11","GU_7","Guiana Shield"
"187","247","Fridericia grosourdyana",3,"D","Loose 40","32","CA 11","12","18",2.015,4.298,"0.000","0.833","0","GU","D3CA11","GU_7","Guiana Shield"
"188","257","Fridericia oligantha",3,"D","Loose 40","32","CA 11","12","18",2.015,4.298,"0.000","0.385","0","GU","D3CA11","GU_7","Guiana Shield"
"189","326","Pleonotoma dendrotricha",3,"D","Loose 40","32","CA 11","12","18",2.015,4.298,"0.000","0.700","0","GU","D3CA11","GU_7","Guiana Shield"
"190","327","Pleonotoma echitidea",3,"D","Loose 40","32","CA 11","12","18",2.015,4.298,"0.000","0.659","0","GU","D3CA11","GU_7","Guiana Shield"
"191","328","Pleonotoma exserta",3,"D","Loose 40","32","CA 11","12","18",2.015,4.298,"0.000","0.800","0","GU","D3CA11","GU_7","Guiana Shield"
"192","345","Tanaecium apiculatum",3,"D","Loose 40","32","CA 11","12","18",2.015,4.298,"0.000","0.643","0","GU","D3CA11","GU_7","Guiana Shield"
"193","4","Adenocalymma album",3,"D","Loose 40","32","CA 25","2","7",3.429,4.429,"0.750","1.000","0","GU","D3CA25","GU_8","Guiana Shield"
"194","59","Adenocalymma saulense",3,"D","Loose 40","32","CA 25","2","7",3.429,4.429,"0.000","0.750","0","GU","D3CA25","GU_8","Guiana Shield"
"195","81","Amphilophium cremersii",3,"D","Loose 40","32","CA 25","2","7",3.429,4.429,"0.571","0.595","0","GU","D3CA25","GU_8","Guiana Shield"
"196","105","Amphilophium parkeri",3,"D","Loose 40","32","CA 25","2","7",3.429,4.429,"0.000","0.583","0","GU","D3CA25","GU_8","Guiana Shield"
"197","135","Anemopaegma granvillei",3,"D","Loose 40","32","CA 25","2","7",3.429,4.429,"0.000","0.813","0","GU","D3CA25","GU_8","Guiana Shield"
"198","257","Fridericia oligantha",3,"D","Loose 40","32","CA 25","2","7",3.429,4.429,"0.500","0.875","0","GU","D3CA25","GU_8","Guiana Shield"
"199","377","Tynanthus sastrei",3,"D","Loose 40","32","CA 25","2","7",3.429,4.429,"0.625","0.750","0","GU","D3CA25","GU_8","Guiana Shield"
"200","6","Adenocalymma apetiolatum",1,"D","Loose 40","10","CA 0","3","9",3.789,4.289,"0.000","0.708","0","AF","D1CA0","AF_1","Eastern South America and AtlanticForest"
"201","21","Adenocalymma cinereum",1,"D","Loose 40","10","CA 0","3","9",3.789,4.289,"0.351","0.784","0","AF","D1CA0","AF_1","Eastern South America and AtlanticForest"
"202","41","Adenocalymma lineare",1,"D","Loose 40","10","CA 0","3","9",3.789,4.289,"0.000","0.708","0","AF","D1CA0","AF_1","Eastern South America and AtlanticForest"
"203","43","Adenocalymma macrophyllum",1,"D","Loose 40","10","CA 0","3","9",3.789,4.289,"0.460","0.895","0","AF","D1CA0","AF_1","Eastern South America and AtlanticForest"
"204","57","Adenocalymma salmoneum",1,"D","Loose 40","10","CA 0","3","9",3.789,4.289,"0.547","0.932","0","AF","D1CA0","AF_1","Eastern South America and AtlanticForest"
"205","62","Adenocalymma sessile",1,"D","Loose 40","10","CA 0","3","9",3.789,4.289,"0.296","0.565","0","AF","D1CA0","AF_1","Eastern South America and AtlanticForest"
"206","64","Adenocalymma subsessilifolium",1,"D","Loose 40","10","CA 0","3","9",3.789,4.289,"0.000","0.683","0","AF","D1CA0","AF_1","Eastern South America and AtlanticForest"
"207","161","Anemopaegma setilobum",1,"D","Loose 40","10","CA 0","3","9",3.789,4.289,"0.000","0.861","0","AF","D1CA0","AF_1","Eastern South America and AtlanticForest"
"208","276","Fridericia trachyphylla",1,"D","Loose 40","10","CA 0","3","9",3.789,4.289,"0.000","0.578","0","AF","D1CA0","AF_1","Eastern South America and AtlanticForest"
"209","16","Adenocalymma bullatum",1,"D","Loose 40","10","CA 1","4","7",3.025,3.275,"0.000","0.725","0","AF","D1CA1","AF_2","Eastern South America and AtlanticForest"
"210","35","Adenocalymma grandifolium",1,"D","Loose 40","10","CA 1","4","7",3.025,3.275,"0.547","0.821","0","AF","D1CA1","AF_2","Eastern South America and AtlanticForest"
"211","67","Adenocalymma trifoliatum",1,"D","Loose 40","10","CA 1","4","7",3.025,3.275,"0.438","0.792","0","AF","D1CA1","AF_2","Eastern South America and AtlanticForest"
"212","172","Bignonia costata",1,"D","Loose 40","10","CA 1","4","7",3.025,3.275,"0.000","0.738","0","AF","D1CA1","AF_2","Eastern South America and AtlanticForest"
"213","250","Fridericia leucopogon",1,"D","Loose 40","10","CA 1","4","7",3.025,3.275,"0.000","0.787","0","AF","D1CA1","AF_2","Eastern South America and AtlanticForest"
"214","285","Lundia damazioi",1,"D","Loose 40","10","CA 1","4","7",3.025,3.275,"0.000","0.692","0","AF","D1CA1","AF_2","Eastern South America and AtlanticForest"
"215","369","Tynanthus fasciculatus",1,"D","Loose 40","10","CA 1","4","7",3.025,3.275,"0.000","0.453","0","AF","D1CA1","AF_2","Eastern South America and AtlanticForest"
"216","16","Adenocalymma bullatum",1,"D","Loose 40","10","CA 3","1","4",2.615,2.865,"0.620","0.620","0","AF","D1CA3","AF_3","Eastern South America and AtlanticForest"
"217","68","Adenocalymma ubatubense",1,"D","Loose 40","10","CA 3","1","4",2.615,2.865,"0.625","0.625","0","AF","D1CA3","AF_3","Eastern South America and AtlanticForest"
"218","150","Anemopaegma pachyphyllum",1,"D","Loose 40","10","CA 3","1","4",2.615,2.865,"0.778","0.778","0","AF","D1CA3","AF_3","Eastern South America and AtlanticForest"
"219","172","Bignonia costata",1,"D","Loose 40","10","CA 3","1","4",2.615,2.865,"0.593","0.593","0","AF","D1CA3","AF_3","Eastern South America and AtlanticForest"
"220","16","Adenocalymma bullatum",1,"D","Loose 40","10","CA 5","1","5",3.282,3.532,"0.567","0.567","0","AF","D1CA5","AF_4","Eastern South America and AtlanticForest"
"221","172","Bignonia costata",1,"D","Loose 40","10","CA 5","1","5",3.282,3.532,"0.581","0.581","0","AF","D1CA5","AF_4","Eastern South America and AtlanticForest"
"222","240","Fridericia elegans",1,"D","Loose 40","10","CA 5","1","5",3.282,3.532,"0.771","0.771","0","AF","D1CA5","AF_4","Eastern South America and AtlanticForest"
"223","273","Fridericia subexserta",1,"D","Loose 40","10","CA 5","1","5",3.282,3.532,"0.682","0.682","0","AF","D1CA5","AF_4","Eastern South America and AtlanticForest"
"224","275","Fridericia subverticillata",1,"D","Loose 40","10","CA 5","1","5",3.282,3.532,"0.682","0.682","0","AF","D1CA5","AF_4","Eastern South America and AtlanticForest"
"225","6","Adenocalymma apetiolatum",1,"D","Loose 40","10","CA 8","1","5",3.035,3.285,"0.750","0.750","0","AF","D1CA8","AF_5","Eastern South America and AtlanticForest"
"226","37","Adenocalymma hirtum",1,"D","Loose 40","10","CA 8","1","5",3.035,3.285,"0.388","0.388","0","AF","D1CA8","AF_5","Eastern South America and AtlanticForest"
"227","41","Adenocalymma lineare",1,"D","Loose 40","10","CA 8","1","5",3.035,3.285,"0.750","0.750","0","AF","D1CA8","AF_5","Eastern South America and AtlanticForest"
"228","315","Martinella insignis",1,"D","Loose 40","10","CA 8","1","5",3.035,3.285,"0.398","0.398","0","AF","D1CA8","AF_5","Eastern South America and AtlanticForest"
"229","368","Tynanthus espiritosantensis",1,"D","Loose 40","10","CA 8","1","5",3.035,3.285,"0.750","0.750","0","AF","D1CA8","AF_5","Eastern South America and AtlanticForest"
"230","11","Adenocalymma aurantiacum",1,"D","Loose 40","10","CA 9","1","3",2.021,2.271,"0.563","0.563","0","AF","D1CA9","AF_6","Eastern South America and AtlanticForest"
"231","62","Adenocalymma sessile",1,"D","Loose 40","10","CA 9","1","3",2.021,2.271,"0.718","0.718","0","AF","D1CA9","AF_6","Eastern South America and AtlanticForest"
"232","308","Mansoa minensis",1,"D","Loose 40","10","CA 9","1","3",2.021,2.271,"0.739","0.739","0","AF","D1CA9","AF_6","Eastern South America and AtlanticForest"
"233","0","Adenocalymma ackermannii",2,"D","Loose 40","28","CA 0","110","86",2.081,11.806,"0.000","0.833","0","AF","D2CA0","AF_7","Eastern South America and AtlanticForest"
"234","6","Adenocalymma apetiolatum",2,"D","Loose 40","28","CA 0","110","86",2.081,11.806,"0.000","0.750","0","AF","D2CA0","AF_7","Eastern South America and AtlanticForest"
"235","7","Adenocalymma apparicianum",2,"D","Loose 40","28","CA 0","110","86",2.081,11.806,"0.000","0.741","0","AF","D2CA0","AF_7","Eastern South America and AtlanticForest"
"236","11","Adenocalymma aurantiacum",2,"D","Loose 40","28","CA 0","110","86",2.081,11.806,"0.000","0.800","0","AF","D2CA0","AF_7","Eastern South America and AtlanticForest"
"237","16","Adenocalymma bullatum",2,"D","Loose 40","28","CA 0","110","86",2.081,11.806,"0.000","0.917","0","AF","D2CA0","AF_7","Eastern South America and AtlanticForest"
"238","18","Adenocalymma candolleanum",2,"D","Loose 40","28","CA 0","110","86",2.081,11.806,"0.000","0.831","0","AF","D2CA0","AF_7","Eastern South America and AtlanticForest"
"239","21","Adenocalymma cinereum",2,"D","Loose 40","28","CA 0","110","86",2.081,11.806,"0.000","0.889","0","AF","D2CA0","AF_7","Eastern South America and AtlanticForest"
"240","25","Adenocalymma cristicalyx",2,"D","Loose 40","28","CA 0","110","86",2.081,11.806,"0.000","0.774","0","AF","D2CA0","AF_7","Eastern South America and AtlanticForest"
"241","26","Adenocalymma cymbalum",2,"D","Loose 40","28","CA 0","110","86",2.081,11.806,"0.000","0.802","0","AF","D2CA0","AF_7","Eastern South America and AtlanticForest"
"242","27","Adenocalymma dichilum",2,"D","Loose 40","28","CA 0","110","86",2.081,11.806,"0.000","0.875","0","AF","D2CA0","AF_7","Eastern South America and AtlanticForest"
"243","28","Adenocalymma divaricatum",2,"D","Loose 40","28","CA 0","110","86",2.081,11.806,"0.000","0.634","0","AF","D2CA0","AF_7","Eastern South America and AtlanticForest"
"244","33","Adenocalymma gibbosum",2,"D","Loose 40","28","CA 0","110","86",2.081,11.806,"0.000","0.714","0","AF","D2CA0","AF_7","Eastern South America and AtlanticForest"
"245","35","Adenocalymma grandifolium",2,"D","Loose 40","28","CA 0","110","86",2.081,11.806,"0.000","0.917","0","AF","D2CA0","AF_7","Eastern South America and AtlanticForest"
"246","37","Adenocalymma hirtum",2,"D","Loose 40","28","CA 0","110","86",2.081,11.806,"0.000","0.714","0","AF","D2CA0","AF_7","Eastern South America and AtlanticForest"
"247","38","Adenocalymma hypostictum",2,"D","Loose 40","28","CA 0","110","86",2.081,11.806,"0.000","0.833","0","AF","D2CA0","AF_7","Eastern South America and AtlanticForest"
"248","41","Adenocalymma lineare",2,"D","Loose 40","28","CA 0","110","86",2.081,11.806,"0.000","0.750","0","AF","D2CA0","AF_7","Eastern South America and AtlanticForest"
"249","43","Adenocalymma macrophyllum",2,"D","Loose 40","28","CA 0","110","86",2.081,11.806,"0.000","0.861","0","AF","D2CA0","AF_7","Eastern South America and AtlanticForest"
"250","56","Adenocalymma pubescens",2,"D","Loose 40","28","CA 0","110","86",2.081,11.806,"0.000","0.720","0","AF","D2CA0","AF_7","Eastern South America and AtlanticForest"
"251","57","Adenocalymma salmoneum",2,"D","Loose 40","28","CA 0","110","86",2.081,11.806,"0.000","0.958","0","AF","D2CA0","AF_7","Eastern South America and AtlanticForest"
"252","60","Adenocalymma scabriusculum",2,"D","Loose 40","28","CA 0","110","86",2.081,11.806,"0.000","0.701","0","AF","D2CA0","AF_7","Eastern South America and AtlanticForest"
"253","62","Adenocalymma sessile",2,"D","Loose 40","28","CA 0","110","86",2.081,11.806,"0.000","0.969","0","AF","D2CA0","AF_7","Eastern South America and AtlanticForest"
"254","64","Adenocalymma subsessilifolium",2,"D","Loose 40","28","CA 0","110","86",2.081,11.806,"0.000","0.825","0","AF","D2CA0","AF_7","Eastern South America and AtlanticForest"
"255","65","Adenocalymma subspicatum",2,"D","Loose 40","28","CA 0","110","86",2.081,11.806,"0.000","0.804","0","AF","D2CA0","AF_7","Eastern South America and AtlanticForest"
"256","67","Adenocalymma trifoliatum",2,"D","Loose 40","28","CA 0","110","86",2.081,11.806,"0.000","0.850","0","AF","D2CA0","AF_7","Eastern South America and AtlanticForest"
"257","68","Adenocalymma ubatubense",2,"D","Loose 40","28","CA 0","110","86",2.081,11.806,"0.000","0.636","0","AF","D2CA0","AF_7","Eastern South America and AtlanticForest"
"258","74","Amphilophium bauhinioides",2,"D","Loose 40","28","CA 0","110","86",2.081,11.806,"0.000","0.794","0","AF","D2CA0","AF_7","Eastern South America and AtlanticForest"
"259","75","Amphilophium blanchetii",2,"D","Loose 40","28","CA 0","110","86",2.081,11.806,"0.000","0.700","0","AF","D2CA0","AF_7","Eastern South America and AtlanticForest"
"260","76","Amphilophium bracteatum",2,"D","Loose 40","28","CA 0","110","86",2.081,11.806,"0.000","0.559","0","AF","D2CA0","AF_7","Eastern South America and AtlanticForest"
"261","85","Amphilophium dolichoides",2,"D","Loose 40","28","CA 0","110","86",2.081,11.806,"0.000","0.514","0","AF","D2CA0","AF_7","Eastern South America and AtlanticForest"
"262","90","Amphilophium frutescens",2,"D","Loose 40","28","CA 0","110","86",2.081,11.806,"0.000","0.705","0","AF","D2CA0","AF_7","Eastern South America and AtlanticForest"
"263","107","Amphilophium perbracteatum",2,"D","Loose 40","28","CA 0","110","86",2.081,11.806,"0.000","0.750","0","AF","D2CA0","AF_7","Eastern South America and AtlanticForest"
"264","120","Anemopaegma album",2,"D","Loose 40","28","CA 0","110","86",2.081,11.806,"0.000","0.795","0","AF","D2CA0","AF_7","Eastern South America and AtlanticForest"
"265","126","Anemopaegma citrinum",2,"D","Loose 40","28","CA 0","110","86",2.081,11.806,"0.000","0.854","0","AF","D2CA0","AF_7","Eastern South America and AtlanticForest"
"266","132","Anemopaegma goyazense",2,"D","Loose 40","28","CA 0","110","86",2.081,11.806,"0.000","0.566","0","AF","D2CA0","AF_7","Eastern South America and AtlanticForest"
"267","136","Anemopaegma heringeri",2,"D","Loose 40","28","CA 0","110","86",2.081,11.806,"0.000","0.750","0","AF","D2CA0","AF_7","Eastern South America and AtlanticForest"
"268","137","Anemopaegma hilarianum",2,"D","Loose 40","28","CA 0","110","86",2.081,11.806,"0.000","0.813","0","AF","D2CA0","AF_7","Eastern South America and AtlanticForest"
"269","142","Anemopaegma laeve",2,"D","Loose 40","28","CA 0","110","86",2.081,11.806,"0.000","0.835","0","AF","D2CA0","AF_7","Eastern South America and AtlanticForest"
"270","160","Anemopaegma scabriusculum",2,"D","Loose 40","28","CA 0","110","86",2.081,11.806,"0.000","0.814","0","AF","D2CA0","AF_7","Eastern South America and AtlanticForest"
"271","161","Anemopaegma setilobum",2,"D","Loose 40","28","CA 0","110","86",2.081,11.806,"0.000","1.000","0","AF","D2CA0","AF_7","Eastern South America and AtlanticForest"
"272","162","Anemopaegma velutinum",2,"D","Loose 40","28","CA 0","110","86",2.081,11.806,"0.000","0.848","0","AF","D2CA0","AF_7","Eastern South America and AtlanticForest"
"273","172","Bignonia costata",2,"D","Loose 40","28","CA 0","110","86",2.081,11.806,"0.000","0.731","0","AF","D2CA0","AF_7","Eastern South America and AtlanticForest"
"274","195","Cuspidaria argentea",2,"D","Loose 40","28","CA 0","110","86",2.081,11.806,"0.000","0.824","0","AF","D2CA0","AF_7","Eastern South America and AtlanticForest"
"275","200","Cuspidaria cratensis",2,"D","Loose 40","28","CA 0","110","86",2.081,11.806,"0.000","0.731","0","AF","D2CA0","AF_7","Eastern South America and AtlanticForest"
"276","205","Cuspidaria lasiantha",2,"D","Loose 40","28","CA 0","110","86",2.081,11.806,"0.000","0.754","0","AF","D2CA0","AF_7","Eastern South America and AtlanticForest"
"277","208","Cuspidaria multiflora",2,"D","Loose 40","28","CA 0","110","86",2.081,11.806,"0.000","0.809","0","AF","D2CA0","AF_7","Eastern South America and AtlanticForest"
"278","209","Cuspidaria octoptera",2,"D","Loose 40","28","CA 0","110","86",2.081,11.806,"0.000","0.790","0","AF","D2CA0","AF_7","Eastern South America and AtlanticForest"
"279","226","Fridericia bahiensis",2,"D","Loose 40","28","CA 0","110","86",2.081,11.806,"0.000","0.721","0","AF","D2CA0","AF_7","Eastern South America and AtlanticForest"
"280","237","Fridericia cuneifolia",2,"D","Loose 40","28","CA 0","110","86",2.081,11.806,"0.000","0.839","0","AF","D2CA0","AF_7","Eastern South America and AtlanticForest"
"281","238","Fridericia dispar",2,"D","Loose 40","28","CA 0","110","86",2.081,11.806,"0.000","0.656","0","AF","D2CA0","AF_7","Eastern South America and AtlanticForest"
"282","240","Fridericia elegans",2,"D","Loose 40","28","CA 0","110","86",2.081,11.806,"0.000","0.719","0","AF","D2CA0","AF_7","Eastern South America and AtlanticForest"
"283","241","Fridericia erubescens",2,"D","Loose 40","28","CA 0","110","86",2.081,11.806,"0.000","0.601","0","AF","D2CA0","AF_7","Eastern South America and AtlanticForest"
"284","246","Fridericia formosa",2,"D","Loose 40","28","CA 0","110","86",2.081,11.806,"0.000","0.672","0","AF","D2CA0","AF_7","Eastern South America and AtlanticForest"
"285","250","Fridericia leucopogon",2,"D","Loose 40","28","CA 0","110","86",2.081,11.806,"0.000","0.817","0","AF","D2CA0","AF_7","Eastern South America and AtlanticForest"
"286","251","Fridericia limae",2,"D","Loose 40","28","CA 0","110","86",2.081,11.806,"0.000","0.811","0","AF","D2CA0","AF_7","Eastern South America and AtlanticForest"
"287","267","Fridericia rego",2,"D","Loose 40","28","CA 0","110","86",2.081,11.806,"0.000","0.695","0","AF","D2CA0","AF_7","Eastern South America and AtlanticForest"
"288","270","Fridericia simplex",2,"D","Loose 40","28","CA 0","110","86",2.081,11.806,"0.000","0.750","0","AF","D2CA0","AF_7","Eastern South America and AtlanticForest"
"289","273","Fridericia subexserta",2,"D","Loose 40","28","CA 0","110","86",2.081,11.806,"0.000","0.667","0","AF","D2CA0","AF_7","Eastern South America and AtlanticForest"
"290","274","Fridericia subincana",2,"D","Loose 40","28","CA 0","110","86",2.081,11.806,"0.000","0.796","0","AF","D2CA0","AF_7","Eastern South America and AtlanticForest"
"291","275","Fridericia subverticillata",2,"D","Loose 40","28","CA 0","110","86",2.081,11.806,"0.000","0.750","0","AF","D2CA0","AF_7","Eastern South America and AtlanticForest"
"292","276","Fridericia trachyphylla",2,"D","Loose 40","28","CA 0","110","86",2.081,11.806,"0.000","0.808","0","AF","D2CA0","AF_7","Eastern South America and AtlanticForest"
"293","281","Fridericia tynanthoides",2,"D","Loose 40","28","CA 0","110","86",2.081,11.806,"0.000","0.744","0","AF","D2CA0","AF_7","Eastern South America and AtlanticForest"
"294","285","Lundia damazioi",2,"D","Loose 40","28","CA 0","110","86",2.081,11.806,"0.000","0.875","0","AF","D2CA0","AF_7","Eastern South America and AtlanticForest"
"295","288","Lundia gardneri",2,"D","Loose 40","28","CA 0","110","86",2.081,11.806,"0.000","0.762","0","AF","D2CA0","AF_7","Eastern South America and AtlanticForest"
"296","289","Lundia helicocalyx",2,"D","Loose 40","28","CA 0","110","86",2.081,11.806,"0.000","0.583","0","AF","D2CA0","AF_7","Eastern South America and AtlanticForest"
"297","293","Lundia obliqua",2,"D","Loose 40","28","CA 0","110","86",2.081,11.806,"0.000","0.625","0","AF","D2CA0","AF_7","Eastern South America and AtlanticForest"
"298","296","Lundia virginalis",2,"D","Loose 40","28","CA 0","110","86",2.081,11.806,"0.000","0.765","0","AF","D2CA0","AF_7","Eastern South America and AtlanticForest"
"299","303","Mansoa hirsuta",2,"D","Loose 40","28","CA 0","110","86",2.081,11.806,"0.000","0.729","0","AF","D2CA0","AF_7","Eastern South America and AtlanticForest"
"300","304","Mansoa hymenaea",2,"D","Loose 40","28","CA 0","110","86",2.081,11.806,"0.000","0.846","0","AF","D2CA0","AF_7","Eastern South America and AtlanticForest"
"301","305","Mansoa ivanii",2,"D","Loose 40","28","CA 0","110","86",2.081,11.806,"0.000","0.833","0","AF","D2CA0","AF_7","Eastern South America and AtlanticForest"
"302","306","Mansoa lanceolata",2,"D","Loose 40","28","CA 0","110","86",2.081,11.806,"0.000","0.759","0","AF","D2CA0","AF_7","Eastern South America and AtlanticForest"
"303","307","Mansoa longicalyx",2,"D","Loose 40","28","CA 0","110","86",2.081,11.806,"0.000","0.750","0","AF","D2CA0","AF_7","Eastern South America and AtlanticForest"
"304","308","Mansoa minensis",2,"D","Loose 40","28","CA 0","110","86",2.081,11.806,"0.000","0.813","0","AF","D2CA0","AF_7","Eastern South America and AtlanticForest"
"305","310","Mansoa paganuccii",2,"D","Loose 40","28","CA 0","110","86",2.081,11.806,"0.000","0.785","0","AF","D2CA0","AF_7","Eastern South America and AtlanticForest"
"306","315","Martinella insignis",2,"D","Loose 40","28","CA 0","110","86",2.081,11.806,"0.000","0.725","0","AF","D2CA0","AF_7","Eastern South America and AtlanticForest"
"307","324","Pleonotoma castelnaei",2,"D","Loose 40","28","CA 0","110","86",2.081,11.806,"0.000","0.766","0","AF","D2CA0","AF_7","Eastern South America and AtlanticForest"
"308","336","Pleonotoma stichadenia",2,"D","Loose 40","28","CA 0","110","86",2.081,11.806,"0.000","0.810","0","AF","D2CA0","AF_7","Eastern South America and AtlanticForest"
"309","349","Tanaecium cyrtanthum",2,"D","Loose 40","28","CA 0","110","86",2.081,11.806,"0.000","0.788","0","AF","D2CA0","AF_7","Eastern South America and AtlanticForest"
"310","354","Tanaecium neobrasiliense",2,"D","Loose 40","28","CA 0","110","86",2.081,11.806,"0.000","0.756","0","AF","D2CA0","AF_7","Eastern South America and AtlanticForest"
"311","356","Tanaecium paradoxum",2,"D","Loose 40","28","CA 0","110","86",2.081,11.806,"0.000","0.750","0","AF","D2CA0","AF_7","Eastern South America and AtlanticForest"
"312","357","Tanaecium parviflorum",2,"D","Loose 40","28","CA 0","110","86",2.081,11.806,"0.000","0.853","0","AF","D2CA0","AF_7","Eastern South America and AtlanticForest"
"313","369","Tynanthus fasciculatus",2,"D","Loose 40","28","CA 0","110","86",2.081,11.806,"0.000","0.827","0","AF","D2CA0","AF_7","Eastern South America and AtlanticForest"
"314","371","Tynanthus labiatus",2,"D","Loose 40","28","CA 0","110","86",2.081,11.806,"0.000","0.778","0","AF","D2CA0","AF_7","Eastern South America and AtlanticForest"
"315","379","Xylophragma corchoroides",2,"D","Loose 40","28","CA 0","110","86",2.081,11.806,"0.000","0.820","0","AF","D2CA0","AF_7","Eastern South America and AtlanticForest"
"316","380","Xylophragma harleyi",2,"D","Loose 40","28","CA 0","110","86",2.081,11.806,"0.000","0.732","0","AF","D2CA0","AF_7","Eastern South America and AtlanticForest"
"317","381","Xylophragma heterocalyx",2,"D","Loose 40","28","CA 0","110","86",2.081,11.806,"0.000","0.620","0","AF","D2CA0","AF_7","Eastern South America and AtlanticForest"
"318","382","Xylophragma myrianthum",2,"D","Loose 40","28","CA 0","110","86",2.081,11.806,"0.000","0.500","0","AF","D2CA0","AF_7","Eastern South America and AtlanticForest"
"319","0","Adenocalymma ackermannii",2,"D","Loose 40","28","CA 1","2","4",2.024,2.274,"0.750","0.833","0","AF","D2CA1","AF_8","Eastern South America and AtlanticForest"
"320","32","Adenocalymma flavum",2,"D","Loose 40","28","CA 1","2","4",2.024,2.274,"0.571","0.688","0","AF","D2CA1","AF_8","Eastern South America and AtlanticForest"
"321","38","Adenocalymma hypostictum",2,"D","Loose 40","28","CA 1","2","4",2.024,2.274,"0.288","0.587","0","AF","D2CA1","AF_8","Eastern South America and AtlanticForest"
"322","315","Martinella insignis",2,"D","Loose 40","28","CA 1","2","4",2.024,2.274,"0.000","0.405","0","AF","D2CA1","AF_8","Eastern South America and AtlanticForest"
"323","16","Adenocalymma bullatum",2,"D","Loose 40","28","CA 3","3","6",2.865,3.115,"0.000","0.548","0","AF","D2CA3","AF_9","Eastern South America and AtlanticForest"
"324","210","Cuspidaria pulchella",2,"D","Loose 40","28","CA 3","3","6",2.865,3.115,"0.000","0.767","0","AF","D2CA3","AF_9","Eastern South America and AtlanticForest"
"325","246","Fridericia formosa",2,"D","Loose 40","28","CA 3","3","6",2.865,3.115,"0.646","0.757","0","AF","D2CA3","AF_9","Eastern South America and AtlanticForest"
"326","293","Lundia obliqua",2,"D","Loose 40","28","CA 3","3","6",2.865,3.115,"0.484","0.847","0","AF","D2CA3","AF_9","Eastern South America and AtlanticForest"
"327","330","Pleonotoma fluminensis",2,"D","Loose 40","28","CA 3","3","6",2.865,3.115,"0.000","0.652","0","AF","D2CA3","AF_9","Eastern South America and AtlanticForest"
"328","369","Tynanthus fasciculatus",2,"D","Loose 40","28","CA 3","3","6",2.865,3.115,"0.586","0.736","0","AF","D2CA3","AF_9","Eastern South America and AtlanticForest"
"329","24","Adenocalymma coriaceum",2,"D","Loose 40","28","CA 9","1","3",2.328,2.578,"0.697","0.697","0","AF","D2CA9","AF_10","Eastern South America and AtlanticForest"
"330","126","Anemopaegma citrinum",2,"D","Loose 40","28","CA 9","1","3",2.328,2.578,"0.828","0.828","0","AF","D2CA9","AF_10","Eastern South America and AtlanticForest"
"331","205","Cuspidaria lasiantha",2,"D","Loose 40","28","CA 9","1","3",2.328,2.578,"0.803","0.803","0","AF","D2CA9","AF_10","Eastern South America and AtlanticForest"
"332","28","Adenocalymma divaricatum",2,"D","Loose 40","28","CA 10","2","4",2.184,2.684,"0.654","0.824","0","AF","D2CA10","AF_11","Eastern South America and AtlanticForest"
"333","133","Anemopaegma gracile",2,"D","Loose 40","28","CA 10","2","4",2.184,2.684,"0.000","0.802","0","AF","D2CA10","AF_11","Eastern South America and AtlanticForest"
"334","241","Fridericia erubescens",2,"D","Loose 40","28","CA 10","2","4",2.184,2.684,"0.753","0.867","0","AF","D2CA10","AF_11","Eastern South America and AtlanticForest"
"335","336","Pleonotoma stichadenia",2,"D","Loose 40","28","CA 10","2","4",2.184,2.684,"0.000","0.777","0","AF","D2CA10","AF_11","Eastern South America and AtlanticForest"
"336","30","Adenocalymma dusenii",2,"D","Loose 40","28","CA 13","1","5",3.506,3.756,"0.846","0.846","0","AF","D2CA13","AF_12","Eastern South America and AtlanticForest"
"337","36","Adenocalymma hatschbachii",2,"D","Loose 40","28","CA 13","1","5",3.506,3.756,"0.865","0.865","0","AF","D2CA13","AF_12","Eastern South America and AtlanticForest"
"338","76","Amphilophium bracteatum",2,"D","Loose 40","28","CA 13","1","5",3.506,3.756,"0.647","0.647","0","AF","D2CA13","AF_12","Eastern South America and AtlanticForest"
"339","85","Amphilophium dolichoides",2,"D","Loose 40","28","CA 13","1","5",3.506,3.756,"0.647","0.647","0","AF","D2CA13","AF_12","Eastern South America and AtlanticForest"
"340","86","Amphilophium dusenianum",2,"D","Loose 40","28","CA 13","1","5",3.506,3.756,"0.500","0.500","0","AF","D2CA13","AF_12","Eastern South America and AtlanticForest"
"341","223","Dolichandra unguiculata",2,"D","Loose 40","28","CA 18","1","6",4.116,4.366,"0.711","0.711","0","AF","D2CA18","AF_13","Eastern South America and AtlanticForest"
"342","237","Fridericia cuneifolia",2,"D","Loose 40","28","CA 18","1","6",4.116,4.366,"0.550","0.550","0","AF","D2CA18","AF_13","Eastern South America and AtlanticForest"
"343","267","Fridericia rego",2,"D","Loose 40","28","CA 18","1","6",4.116,4.366,"0.782","0.782","0","AF","D2CA18","AF_13","Eastern South America and AtlanticForest"
"344","304","Mansoa hymenaea",2,"D","Loose 40","28","CA 18","1","6",4.116,4.366,"0.716","0.716","0","AF","D2CA18","AF_13","Eastern South America and AtlanticForest"
"345","306","Mansoa lanceolata",2,"D","Loose 40","28","CA 18","1","6",4.116,4.366,"0.757","0.757","0","AF","D2CA18","AF_13","Eastern South America and AtlanticForest"
"346","379","Xylophragma corchoroides",2,"D","Loose 40","28","CA 18","1","6",4.116,4.366,"0.600","0.600","0","AF","D2CA18","AF_13","Eastern South America and AtlanticForest"
"347","30","Adenocalymma dusenii",2,"D","Loose 40","28","CA 20","1","3",2.67,2.92,"1.000","1.000","0","AF","D2CA20","AF_14","Eastern South America and AtlanticForest"
"348","36","Adenocalymma hatschbachii",2,"D","Loose 40","28","CA 20","1","3",2.67,2.92,"0.947","0.947","0","AF","D2CA20","AF_14","Eastern South America and AtlanticForest"
"349","146","Anemopaegma nebulosum",2,"D","Loose 40","28","CA 20","1","3",2.67,2.92,"0.722","0.722","0","AF","D2CA20","AF_14","Eastern South America and AtlanticForest"
"350","223","Dolichandra unguiculata",2,"D","Loose 40","28","CA 22","1","3",2.121,2.371,"0.802","0.802","0","AF","D2CA22","AF_15","Eastern South America and AtlanticForest"
"351","271","Fridericia speciosa",2,"D","Loose 40","28","CA 22","1","3",2.121,2.371,"0.669","0.669","0","AF","D2CA22","AF_15","Eastern South America and AtlanticForest"
"352","302","Mansoa glaziovii",2,"D","Loose 40","28","CA 22","1","3",2.121,2.371,"0.651","0.651","0","AF","D2CA22","AF_15","Eastern South America and AtlanticForest"
"353","53","Adenocalymma paulistarum",2,"D","Loose 40","28","CA 24","1","3",2.506,2.756,"0.840","0.840","0","AF","D2CA24","AF_16","Eastern South America and AtlanticForest"
"354","254","Fridericia mutabilis",2,"D","Loose 40","28","CA 24","1","3",2.506,2.756,"0.849","0.849","0","AF","D2CA24","AF_16","Eastern South America and AtlanticForest"
"355","373","Tynanthus micranthus",2,"D","Loose 40","28","CA 24","1","3",2.506,2.756,"0.817","0.817","0","AF","D2CA24","AF_16","Eastern South America and AtlanticForest"
"356","3","Adenocalymma alboaurantiacum",3,"D","Loose 40","32","CA 3","119","103",2.181,20.77,"0.000","0.761","0","ESA","D3CA3","ESA_1","Eastern South America and AtlanticForest"
"357","11","Adenocalymma aurantiacum",3,"D","Loose 40","32","CA 3","119","103",2.181,20.77,"0.000","0.917","0","ESA","D3CA3","ESA_1","Eastern South America and AtlanticForest"
"358","16","Adenocalymma bullatum",3,"D","Loose 40","32","CA 3","119","103",2.181,20.77,"0.000","0.750","0","ESA","D3CA3","ESA_1","Eastern South America and AtlanticForest"
"359","18","Adenocalymma candolleanum",3,"D","Loose 40","32","CA 3","119","103",2.181,20.77,"0.000","0.809","0","ESA","D3CA3","ESA_1","Eastern South America and AtlanticForest"
"360","21","Adenocalymma cinereum",3,"D","Loose 40","32","CA 3","119","103",2.181,20.77,"0.000","0.833","0","ESA","D3CA3","ESA_1","Eastern South America and AtlanticForest"
"361","24","Adenocalymma coriaceum",3,"D","Loose 40","32","CA 3","119","103",2.181,20.77,"0.000","0.875","0","ESA","D3CA3","ESA_1","Eastern South America and AtlanticForest"
"362","25","Adenocalymma cristicalyx",3,"D","Loose 40","32","CA 3","119","103",2.181,20.77,"0.000","0.739","0","ESA","D3CA3","ESA_1","Eastern South America and AtlanticForest"
"363","26","Adenocalymma cymbalum",3,"D","Loose 40","32","CA 3","119","103",2.181,20.77,"0.000","0.800","0","ESA","D3CA3","ESA_1","Eastern South America and AtlanticForest"
"364","27","Adenocalymma dichilum",3,"D","Loose 40","32","CA 3","119","103",2.181,20.77,"0.000","0.844","0","ESA","D3CA3","ESA_1","Eastern South America and AtlanticForest"
"365","28","Adenocalymma divaricatum",3,"D","Loose 40","32","CA 3","119","103",2.181,20.77,"0.000","0.815","0","ESA","D3CA3","ESA_1","Eastern South America and AtlanticForest"
"366","30","Adenocalymma dusenii",3,"D","Loose 40","32","CA 3","119","103",2.181,20.77,"0.000","0.705","0","ESA","D3CA3","ESA_1","Eastern South America and AtlanticForest"
"367","32","Adenocalymma flavum",3,"D","Loose 40","32","CA 3","119","103",2.181,20.77,"0.000","0.667","0","ESA","D3CA3","ESA_1","Eastern South America and AtlanticForest"
"368","33","Adenocalymma gibbosum",3,"D","Loose 40","32","CA 3","119","103",2.181,20.77,"0.000","0.667","0","ESA","D3CA3","ESA_1","Eastern South America and AtlanticForest"
"369","35","Adenocalymma grandifolium",3,"D","Loose 40","32","CA 3","119","103",2.181,20.77,"0.000","0.917","0","ESA","D3CA3","ESA_1","Eastern South America and AtlanticForest"
"370","36","Adenocalymma hatschbachii",3,"D","Loose 40","32","CA 3","119","103",2.181,20.77,"0.000","0.750","0","ESA","D3CA3","ESA_1","Eastern South America and AtlanticForest"
"371","37","Adenocalymma hirtum",3,"D","Loose 40","32","CA 3","119","103",2.181,20.77,"0.000","0.692","0","ESA","D3CA3","ESA_1","Eastern South America and AtlanticForest"
"372","38","Adenocalymma hypostictum",3,"D","Loose 40","32","CA 3","119","103",2.181,20.77,"0.000","0.875","0","ESA","D3CA3","ESA_1","Eastern South America and AtlanticForest"
"373","43","Adenocalymma macrophyllum",3,"D","Loose 40","32","CA 3","119","103",2.181,20.77,"0.000","0.833","0","ESA","D3CA3","ESA_1","Eastern South America and AtlanticForest"
"374","53","Adenocalymma paulistarum",3,"D","Loose 40","32","CA 3","119","103",2.181,20.77,"0.000","0.685","0","ESA","D3CA3","ESA_1","Eastern South America and AtlanticForest"
"375","54","Adenocalymma pedunculatum",3,"D","Loose 40","32","CA 3","119","103",2.181,20.77,"0.000","0.736","0","ESA","D3CA3","ESA_1","Eastern South America and AtlanticForest"
"376","56","Adenocalymma pubescens",3,"D","Loose 40","32","CA 3","119","103",2.181,20.77,"0.000","0.789","0","ESA","D3CA3","ESA_1","Eastern South America and AtlanticForest"
"377","57","Adenocalymma salmoneum",3,"D","Loose 40","32","CA 3","119","103",2.181,20.77,"0.000","0.833","0","ESA","D3CA3","ESA_1","Eastern South America and AtlanticForest"
"378","60","Adenocalymma scabriusculum",3,"D","Loose 40","32","CA 3","119","103",2.181,20.77,"0.000","0.771","0","ESA","D3CA3","ESA_1","Eastern South America and AtlanticForest"
"379","62","Adenocalymma sessile",3,"D","Loose 40","32","CA 3","119","103",2.181,20.77,"0.000","0.833","0","ESA","D3CA3","ESA_1","Eastern South America and AtlanticForest"
"380","64","Adenocalymma subsessilifolium",3,"D","Loose 40","32","CA 3","119","103",2.181,20.77,"0.000","0.958","0","ESA","D3CA3","ESA_1","Eastern South America and AtlanticForest"
"381","67","Adenocalymma trifoliatum",3,"D","Loose 40","32","CA 3","119","103",2.181,20.77,"0.000","1.000","0","ESA","D3CA3","ESA_1","Eastern South America and AtlanticForest"
"382","68","Adenocalymma ubatubense",3,"D","Loose 40","32","CA 3","119","103",2.181,20.77,"0.000","0.750","0","ESA","D3CA3","ESA_1","Eastern South America and AtlanticForest"
"383","74","Amphilophium bauhinioides",3,"D","Loose 40","32","CA 3","119","103",2.181,20.77,"0.000","0.824","0","ESA","D3CA3","ESA_1","Eastern South America and AtlanticForest"
"384","75","Amphilophium blanchetii",3,"D","Loose 40","32","CA 3","119","103",2.181,20.77,"0.000","0.792","0","ESA","D3CA3","ESA_1","Eastern South America and AtlanticForest"
"385","76","Amphilophium bracteatum",3,"D","Loose 40","32","CA 3","119","103",2.181,20.77,"0.000","0.833","0","ESA","D3CA3","ESA_1","Eastern South America and AtlanticForest"
"386","85","Amphilophium dolichoides",3,"D","Loose 40","32","CA 3","119","103",2.181,20.77,"0.000","0.800","0","ESA","D3CA3","ESA_1","Eastern South America and AtlanticForest"
"387","86","Amphilophium dusenianum",3,"D","Loose 40","32","CA 3","119","103",2.181,20.77,"0.000","0.909","0","ESA","D3CA3","ESA_1","Eastern South America and AtlanticForest"
"388","90","Amphilophium frutescens",3,"D","Loose 40","32","CA 3","119","103",2.181,20.77,"0.000","0.625","0","ESA","D3CA3","ESA_1","Eastern South America and AtlanticForest"
"389","115","Amphilophium scabriusculum",3,"D","Loose 40","32","CA 3","119","103",2.181,20.77,"0.000","0.725","0","ESA","D3CA3","ESA_1","Eastern South America and AtlanticForest"
"390","120","Anemopaegma album",3,"D","Loose 40","32","CA 3","119","103",2.181,20.77,"0.000","0.750","0","ESA","D3CA3","ESA_1","Eastern South America and AtlanticForest"
"391","126","Anemopaegma citrinum",3,"D","Loose 40","32","CA 3","119","103",2.181,20.77,"0.000","0.923","0","ESA","D3CA3","ESA_1","Eastern South America and AtlanticForest"
"392","132","Anemopaegma goyazense",3,"D","Loose 40","32","CA 3","119","103",2.181,20.77,"0.000","0.636","0","ESA","D3CA3","ESA_1","Eastern South America and AtlanticForest"
"393","133","Anemopaegma gracile",3,"D","Loose 40","32","CA 3","119","103",2.181,20.77,"0.000","0.774","0","ESA","D3CA3","ESA_1","Eastern South America and AtlanticForest"
"394","137","Anemopaegma hilarianum",3,"D","Loose 40","32","CA 3","119","103",2.181,20.77,"0.000","0.846","0","ESA","D3CA3","ESA_1","Eastern South America and AtlanticForest"
"395","142","Anemopaegma laeve",3,"D","Loose 40","32","CA 3","119","103",2.181,20.77,"0.000","0.908","0","ESA","D3CA3","ESA_1","Eastern South America and AtlanticForest"
"396","145","Anemopaegma mirabile",3,"D","Loose 40","32","CA 3","119","103",2.181,20.77,"0.000","0.688","0","ESA","D3CA3","ESA_1","Eastern South America and AtlanticForest"
"397","146","Anemopaegma nebulosum",3,"D","Loose 40","32","CA 3","119","103",2.181,20.77,"0.000","0.667","0","ESA","D3CA3","ESA_1","Eastern South America and AtlanticForest"
"398","149","Anemopaegma pabstii",3,"D","Loose 40","32","CA 3","119","103",2.181,20.77,"0.000","0.792","0","ESA","D3CA3","ESA_1","Eastern South America and AtlanticForest"
"399","160","Anemopaegma scabriusculum",3,"D","Loose 40","32","CA 3","119","103",2.181,20.77,"0.000","0.875","0","ESA","D3CA3","ESA_1","Eastern South America and AtlanticForest"
"400","161","Anemopaegma setilobum",3,"D","Loose 40","32","CA 3","119","103",2.181,20.77,"0.000","0.833","0","ESA","D3CA3","ESA_1","Eastern South America and AtlanticForest"
"401","162","Anemopaegma velutinum",3,"D","Loose 40","32","CA 3","119","103",2.181,20.77,"0.000","0.815","0","ESA","D3CA3","ESA_1","Eastern South America and AtlanticForest"
"402","172","Bignonia costata",3,"D","Loose 40","32","CA 3","119","103",2.181,20.77,"0.000","0.792","0","ESA","D3CA3","ESA_1","Eastern South America and AtlanticForest"
"403","195","Cuspidaria argentea",3,"D","Loose 40","32","CA 3","119","103",2.181,20.77,"0.000","0.846","0","ESA","D3CA3","ESA_1","Eastern South America and AtlanticForest"
"404","200","Cuspidaria cratensis",3,"D","Loose 40","32","CA 3","119","103",2.181,20.77,"0.000","0.778","0","ESA","D3CA3","ESA_1","Eastern South America and AtlanticForest"
"405","205","Cuspidaria lasiantha",3,"D","Loose 40","32","CA 3","119","103",2.181,20.77,"0.000","0.875","0","ESA","D3CA3","ESA_1","Eastern South America and AtlanticForest"
"406","208","Cuspidaria multiflora",3,"D","Loose 40","32","CA 3","119","103",2.181,20.77,"0.000","0.813","0","ESA","D3CA3","ESA_1","Eastern South America and AtlanticForest"
"407","209","Cuspidaria octoptera",3,"D","Loose 40","32","CA 3","119","103",2.181,20.77,"0.000","0.906","0","ESA","D3CA3","ESA_1","Eastern South America and AtlanticForest"
"408","210","Cuspidaria pulchella",3,"D","Loose 40","32","CA 3","119","103",2.181,20.77,"0.000","0.787","0","ESA","D3CA3","ESA_1","Eastern South America and AtlanticForest"
"409","223","Dolichandra unguiculata",3,"D","Loose 40","32","CA 3","119","103",2.181,20.77,"0.000","0.750","0","ESA","D3CA3","ESA_1","Eastern South America and AtlanticForest"
"410","226","Fridericia bahiensis",3,"D","Loose 40","32","CA 3","119","103",2.181,20.77,"0.000","0.861","0","ESA","D3CA3","ESA_1","Eastern South America and AtlanticForest"
"411","237","Fridericia cuneifolia",3,"D","Loose 40","32","CA 3","119","103",2.181,20.77,"0.000","0.875","0","ESA","D3CA3","ESA_1","Eastern South America and AtlanticForest"
"412","238","Fridericia dispar",3,"D","Loose 40","32","CA 3","119","103",2.181,20.77,"0.000","0.623","0","ESA","D3CA3","ESA_1","Eastern South America and AtlanticForest"
"413","240","Fridericia elegans",3,"D","Loose 40","32","CA 3","119","103",2.181,20.77,"0.000","0.750","0","ESA","D3CA3","ESA_1","Eastern South America and AtlanticForest"
"414","241","Fridericia erubescens",3,"D","Loose 40","32","CA 3","119","103",2.181,20.77,"0.000","0.820","0","ESA","D3CA3","ESA_1","Eastern South America and AtlanticForest"
"415","246","Fridericia formosa",3,"D","Loose 40","32","CA 3","119","103",2.181,20.77,"0.000","0.833","0","ESA","D3CA3","ESA_1","Eastern South America and AtlanticForest"
"416","250","Fridericia leucopogon",3,"D","Loose 40","32","CA 3","119","103",2.181,20.77,"0.000","0.844","0","ESA","D3CA3","ESA_1","Eastern South America and AtlanticForest"
"417","251","Fridericia limae",3,"D","Loose 40","32","CA 3","119","103",2.181,20.77,"0.000","0.714","0","ESA","D3CA3","ESA_1","Eastern South America and AtlanticForest"
"418","267","Fridericia rego",3,"D","Loose 40","32","CA 3","119","103",2.181,20.77,"0.000","0.774","0","ESA","D3CA3","ESA_1","Eastern South America and AtlanticForest"
"419","268","Fridericia samydoides",3,"D","Loose 40","32","CA 3","119","103",2.181,20.77,"0.000","0.745","0","ESA","D3CA3","ESA_1","Eastern South America and AtlanticForest"
"420","270","Fridericia simplex",3,"D","Loose 40","32","CA 3","119","103",2.181,20.77,"0.000","0.803","0","ESA","D3CA3","ESA_1","Eastern South America and AtlanticForest"
"421","271","Fridericia speciosa",3,"D","Loose 40","32","CA 3","119","103",2.181,20.77,"0.000","0.897","0","ESA","D3CA3","ESA_1","Eastern South America and AtlanticForest"
"422","273","Fridericia subexserta",3,"D","Loose 40","32","CA 3","119","103",2.181,20.77,"0.000","0.667","0","ESA","D3CA3","ESA_1","Eastern South America and AtlanticForest"
"423","274","Fridericia subincana",3,"D","Loose 40","32","CA 3","119","103",2.181,20.77,"0.000","0.690","0","ESA","D3CA3","ESA_1","Eastern South America and AtlanticForest"
"424","276","Fridericia trachyphylla",3,"D","Loose 40","32","CA 3","119","103",2.181,20.77,"0.000","0.875","0","ESA","D3CA3","ESA_1","Eastern South America and AtlanticForest"
"425","281","Fridericia tynanthoides",3,"D","Loose 40","32","CA 3","119","103",2.181,20.77,"0.000","0.700","0","ESA","D3CA3","ESA_1","Eastern South America and AtlanticForest"
"426","285","Lundia damazioi",3,"D","Loose 40","32","CA 3","119","103",2.181,20.77,"0.000","0.813","0","ESA","D3CA3","ESA_1","Eastern South America and AtlanticForest"
"427","288","Lundia gardneri",3,"D","Loose 40","32","CA 3","119","103",2.181,20.77,"0.000","0.886","0","ESA","D3CA3","ESA_1","Eastern South America and AtlanticForest"
"428","291","Lundia longa",3,"D","Loose 40","32","CA 3","119","103",2.181,20.77,"0.000","0.589","0","ESA","D3CA3","ESA_1","Eastern South America and AtlanticForest"
"429","292","Lundia nitidula",3,"D","Loose 40","32","CA 3","119","103",2.181,20.77,"0.000","0.867","0","ESA","D3CA3","ESA_1","Eastern South America and AtlanticForest"
"430","293","Lundia obliqua",3,"D","Loose 40","32","CA 3","119","103",2.181,20.77,"0.000","0.853","0","ESA","D3CA3","ESA_1","Eastern South America and AtlanticForest"
"431","296","Lundia virginalis",3,"D","Loose 40","32","CA 3","119","103",2.181,20.77,"0.000","0.861","0","ESA","D3CA3","ESA_1","Eastern South America and AtlanticForest"
"432","302","Mansoa glaziovii",3,"D","Loose 40","32","CA 3","119","103",2.181,20.77,"0.000","0.757","0","ESA","D3CA3","ESA_1","Eastern South America and AtlanticForest"
"433","303","Mansoa hirsuta",3,"D","Loose 40","32","CA 3","119","103",2.181,20.77,"0.000","0.765","0","ESA","D3CA3","ESA_1","Eastern South America and AtlanticForest"
"434","304","Mansoa hymenaea",3,"D","Loose 40","32","CA 3","119","103",2.181,20.77,"0.000","0.630","0","ESA","D3CA3","ESA_1","Eastern South America and AtlanticForest"
"435","305","Mansoa ivanii",3,"D","Loose 40","32","CA 3","119","103",2.181,20.77,"0.000","0.833","0","ESA","D3CA3","ESA_1","Eastern South America and AtlanticForest"
"436","306","Mansoa lanceolata",3,"D","Loose 40","32","CA 3","119","103",2.181,20.77,"0.000","0.758","0","ESA","D3CA3","ESA_1","Eastern South America and AtlanticForest"
"437","307","Mansoa longicalyx",3,"D","Loose 40","32","CA 3","119","103",2.181,20.77,"0.000","0.750","0","ESA","D3CA3","ESA_1","Eastern South America and AtlanticForest"
"438","308","Mansoa minensis",3,"D","Loose 40","32","CA 3","119","103",2.181,20.77,"0.000","0.958","0","ESA","D3CA3","ESA_1","Eastern South America and AtlanticForest"
"439","309","Mansoa onohualcoides",3,"D","Loose 40","32","CA 3","119","103",2.181,20.77,"0.000","0.598","0","ESA","D3CA3","ESA_1","Eastern South America and AtlanticForest"
"440","310","Mansoa paganuccii",3,"D","Loose 40","32","CA 3","119","103",2.181,20.77,"0.000","0.776","0","ESA","D3CA3","ESA_1","Eastern South America and AtlanticForest"
"441","315","Martinella insignis",3,"D","Loose 40","32","CA 3","119","103",2.181,20.77,"0.000","0.750","0","ESA","D3CA3","ESA_1","Eastern South America and AtlanticForest"
"442","324","Pleonotoma castelnaei",3,"D","Loose 40","32","CA 3","119","103",2.181,20.77,"0.000","0.806","0","ESA","D3CA3","ESA_1","Eastern South America and AtlanticForest"
"443","330","Pleonotoma fluminensis",3,"D","Loose 40","32","CA 3","119","103",2.181,20.77,"0.000","0.667","0","ESA","D3CA3","ESA_1","Eastern South America and AtlanticForest"
"444","334","Pleonotoma orientalis",3,"D","Loose 40","32","CA 3","119","103",2.181,20.77,"0.000","0.451","0","ESA","D3CA3","ESA_1","Eastern South America and AtlanticForest"
"445","336","Pleonotoma stichadenia",3,"D","Loose 40","32","CA 3","119","103",2.181,20.77,"0.000","0.793","0","ESA","D3CA3","ESA_1","Eastern South America and AtlanticForest"
"446","337","Pleonotoma tetraquetra",3,"D","Loose 40","32","CA 3","119","103",2.181,20.77,"0.000","0.838","0","ESA","D3CA3","ESA_1","Eastern South America and AtlanticForest"
"447","349","Tanaecium cyrtanthum",3,"D","Loose 40","32","CA 3","119","103",2.181,20.77,"0.000","0.848","0","ESA","D3CA3","ESA_1","Eastern South America and AtlanticForest"
"448","354","Tanaecium neobrasiliense",3,"D","Loose 40","32","CA 3","119","103",2.181,20.77,"0.000","0.846","0","ESA","D3CA3","ESA_1","Eastern South America and AtlanticForest"
"449","356","Tanaecium paradoxum",3,"D","Loose 40","32","CA 3","119","103",2.181,20.77,"0.000","0.750","0","ESA","D3CA3","ESA_1","Eastern South America and AtlanticForest"
"450","357","Tanaecium parviflorum",3,"D","Loose 40","32","CA 3","119","103",2.181,20.77,"0.000","0.845","0","ESA","D3CA3","ESA_1","Eastern South America and AtlanticForest"
"451","365","Tynanthus cognatus",3,"D","Loose 40","32","CA 3","119","103",2.181,20.77,"0.000","0.612","0","ESA","D3CA3","ESA_1","Eastern South America and AtlanticForest"
"452","369","Tynanthus fasciculatus",3,"D","Loose 40","32","CA 3","119","103",2.181,20.77,"0.000","0.794","0","ESA","D3CA3","ESA_1","Eastern South America and AtlanticForest"
"453","371","Tynanthus labiatus",3,"D","Loose 40","32","CA 3","119","103",2.181,20.77,"0.000","0.808","0","ESA","D3CA3","ESA_1","Eastern South America and AtlanticForest"
"454","373","Tynanthus micranthus",3,"D","Loose 40","32","CA 3","119","103",2.181,20.77,"0.000","0.717","0","ESA","D3CA3","ESA_1","Eastern South America and AtlanticForest"
"455","379","Xylophragma corchoroides",3,"D","Loose 40","32","CA 3","119","103",2.181,20.77,"0.000","0.875","0","ESA","D3CA3","ESA_1","Eastern South America and AtlanticForest"
"456","380","Xylophragma harleyi",3,"D","Loose 40","32","CA 3","119","103",2.181,20.77,"0.000","0.797","0","ESA","D3CA3","ESA_1","Eastern South America and AtlanticForest"
"457","381","Xylophragma heterocalyx",3,"D","Loose 40","32","CA 3","119","103",2.181,20.77,"0.000","0.705","0","ESA","D3CA3","ESA_1","Eastern South America and AtlanticForest"
"458","382","Xylophragma myrianthum",3,"D","Loose 40","32","CA 3","119","103",2.181,20.77,"0.000","0.750","0","ESA","D3CA3","ESA_1","Eastern South America and AtlanticForest"
"459","107","Amphilophium perbracteatum",1,"D","Loose 40","10","CA 4","1","3",2.388,2.638,"0.821","0.821","0","DD","D1CA4","DD_1","Dry and Open Vegetation Diagonal"
"460","305","Mansoa ivanii",1,"D","Loose 40","10","CA 4","1","3",2.388,2.638,"0.781","0.781","0","DD","D1CA4","DD_1","Dry and Open Vegetation Diagonal"
"461","307","Mansoa longicalyx",1,"D","Loose 40","10","CA 4","1","3",2.388,2.638,"0.786","0.786","0","DD","D1CA4","DD_1","Dry and Open Vegetation Diagonal"
"462","47","Adenocalymma mirabile",2,"D","Loose 40","28","CA 2","3","6",2.249,3.249,"0.000","0.740","0","DD","D2CA2","DD_2","Dry and Open Vegetation Diagonal"
"463","65","Adenocalymma subspicatum",2,"D","Loose 40","28","CA 2","3","6",2.249,3.249,"0.000","0.364","0","DD","D2CA2","DD_2","Dry and Open Vegetation Diagonal"
"464","145","Anemopaegma mirabile",2,"D","Loose 40","28","CA 2","3","6",2.249,3.249,"0.000","0.500","0","DD","D2CA2","DD_2","Dry and Open Vegetation Diagonal"
"465","235","Fridericia crassa",2,"D","Loose 40","28","CA 2","3","6",2.249,3.249,"0.524","0.750","0","DD","D2CA2","DD_2","Dry and Open Vegetation Diagonal"
"466","262","Fridericia pliciflora",2,"D","Loose 40","28","CA 2","3","6",2.249,3.249,"0.000","0.781","0","DD","D2CA2","DD_2","Dry and Open Vegetation Diagonal"
"467","289","Lundia helicocalyx",2,"D","Loose 40","28","CA 2","3","6",2.249,3.249,"0.536","0.881","0","DD","D2CA2","DD_2","Dry and Open Vegetation Diagonal"
"468","13","Adenocalymma bracteatum",2,"D","Loose 40","28","CA 7","1","3",2.376,2.626,"0.792","0.792","0","THDD","D2CA7","THDD_1","Dry and Open Vegetation Diagonal"
"469","121","Anemopaegma arvense",2,"D","Loose 40","28","CA 7","1","3",2.376,2.626,"0.776","0.776","0","THDD","D2CA7","THDD_1","Dry and Open Vegetation Diagonal"
"470","236","Fridericia craterophora",2,"D","Loose 40","28","CA 7","1","3",2.376,2.626,"0.808","0.808","0","THDD","D2CA7","THDD_1","Dry and Open Vegetation Diagonal"
"471","144","Anemopaegma longipetiolatum",2,"D","Loose 40","28","CA 17","1","4",2.246,2.496,"0.461","0.461","0","DDb","D2CA17","DDb_1","Dry and Open Vegetation Diagonal"
"472","242","Fridericia fagoides",2,"D","Loose 40","28","CA 17","1","4",2.246,2.496,"0.467","0.467","0","DDb","D2CA17","DDb_1","Dry and Open Vegetation Diagonal"
"473","283","Fridericia whitei",2,"D","Loose 40","28","CA 17","1","4",2.246,2.496,"0.568","0.568","0","DDb","D2CA17","DDb_1","Dry and Open Vegetation Diagonal"
"474","362","Tanaecium tetramerum",2,"D","Loose 40","28","CA 17","1","4",2.246,2.496,"0.750","0.750","0","DDb","D2CA17","DDb_1","Dry and Open Vegetation Diagonal"
"475","27","Adenocalymma dichilum",2,"D","Loose 40","28","CA 23","1","4",2.737,2.987,"0.758","0.758","0","DD","D2CA23","DD_3","Dry and Open Vegetation Diagonal"
"476","75","Amphilophium blanchetii",2,"D","Loose 40","28","CA 23","1","4",2.737,2.987,"0.685","0.685","0","DD","D2CA23","DD_3","Dry and Open Vegetation Diagonal"
"477","288","Lundia gardneri",2,"D","Loose 40","28","CA 23","1","4",2.737,2.987,"0.697","0.697","0","DD","D2CA23","DD_3","Dry and Open Vegetation Diagonal"
"478","303","Mansoa hirsuta",2,"D","Loose 40","28","CA 23","1","4",2.737,2.987,"0.597","0.597","0","DD","D2CA23","DD_3","Dry and Open Vegetation Diagonal"
"479","7","Adenocalymma apparicianum",3,"D","Loose 40","32","CA 1","6","14",3.339,6.291,"0.000","0.500","0","DD","D3CA1","DD_4","Dry and Open Vegetation Diagonal"
"480","47","Adenocalymma mirabile",3,"D","Loose 40","32","CA 1","6","14",3.339,6.291,"0.000","0.861","0","DD","D3CA1","DD_4","Dry and Open Vegetation Diagonal"
"481","65","Adenocalymma subspicatum",3,"D","Loose 40","32","CA 1","6","14",3.339,6.291,"0.000","0.722","0","DD","D3CA1","DD_4","Dry and Open Vegetation Diagonal"
"482","75","Amphilophium blanchetii",3,"D","Loose 40","32","CA 1","6","14",3.339,6.291,"0.000","0.471","0","DD","D3CA1","DD_4","Dry and Open Vegetation Diagonal"
"483","145","Anemopaegma mirabile",3,"D","Loose 40","32","CA 1","6","14",3.339,6.291,"0.000","0.750","0","DD","D3CA1","DD_4","Dry and Open Vegetation Diagonal"
"484","195","Cuspidaria argentea",3,"D","Loose 40","32","CA 1","6","14",3.339,6.291,"0.000","1.000","0","DD","D3CA1","DD_4","Dry and Open Vegetation Diagonal"
"485","200","Cuspidaria cratensis",3,"D","Loose 40","32","CA 1","6","14",3.339,6.291,"0.000","0.895","0","DD","D3CA1","DD_4","Dry and Open Vegetation Diagonal"
"486","235","Fridericia crassa",3,"D","Loose 40","32","CA 1","6","14",3.339,6.291,"0.500","0.722","0","DD","D3CA1","DD_4","Dry and Open Vegetation Diagonal"
"487","251","Fridericia limae",3,"D","Loose 40","32","CA 1","6","14",3.339,6.291,"0.000","0.473","0","DD","D3CA1","DD_4","Dry and Open Vegetation Diagonal"
"488","262","Fridericia pliciflora",3,"D","Loose 40","32","CA 1","6","14",3.339,6.291,"0.000","0.750","0","DD","D3CA1","DD_4","Dry and Open Vegetation Diagonal"
"489","289","Lundia helicocalyx",3,"D","Loose 40","32","CA 1","6","14",3.339,6.291,"0.450","0.857","0","DD","D3CA1","DD_4","Dry and Open Vegetation Diagonal"
"490","303","Mansoa hirsuta",3,"D","Loose 40","32","CA 1","6","14",3.339,6.291,"0.000","0.406","0","DD","D3CA1","DD_4","Dry and Open Vegetation Diagonal"
"491","334","Pleonotoma orientalis",3,"D","Loose 40","32","CA 1","6","14",3.339,6.291,"0.000","0.311","0","DD","D3CA1","DD_4","Dry and Open Vegetation Diagonal"
"492","356","Tanaecium paradoxum",3,"D","Loose 40","32","CA 1","6","14",3.339,6.291,"0.000","0.563","0","DD","D3CA1","DD_4","Dry and Open Vegetation Diagonal"
"493","13","Adenocalymma bracteatum",3,"D","Loose 40","32","CA 4","26","16",2.074,4.559,"0.000","0.882","0","THDD","D3CA4","THDD_2","Dry and Open Vegetation Diagonal"
"494","51","Adenocalymma nodosum",3,"D","Loose 40","32","CA 4","26","16",2.074,4.559,"0.000","0.780","0","THDD","D3CA4","THDD_2","Dry and Open Vegetation Diagonal"
"495","118","Anemopaegma acutifolium",3,"D","Loose 40","32","CA 4","26","16",2.074,4.559,"0.000","0.845","0","THDD","D3CA4","THDD_2","Dry and Open Vegetation Diagonal"
"496","121","Anemopaegma arvense",3,"D","Loose 40","32","CA 4","26","16",2.074,4.559,"0.000","0.908","0","THDD","D3CA4","THDD_2","Dry and Open Vegetation Diagonal"
"497","123","Anemopaegma chamberlaynii",3,"D","Loose 40","32","CA 4","26","16",2.074,4.559,"0.000","0.794","0","THDD","D3CA4","THDD_2","Dry and Open Vegetation Diagonal"
"498","131","Anemopaegma glaucum",3,"D","Loose 40","32","CA 4","26","16",2.074,4.559,"0.000","0.805","0","THDD","D3CA4","THDD_2","Dry and Open Vegetation Diagonal"
"499","196","Cuspidaria bracteata",3,"D","Loose 40","32","CA 4","26","16",2.074,4.559,"0.000","0.700","0","THDD","D3CA4","THDD_2","Dry and Open Vegetation Diagonal"
"500","199","Cuspidaria convoluta",3,"D","Loose 40","32","CA 4","26","16",2.074,4.559,"0.000","0.667","0","THDD","D3CA4","THDD_2","Dry and Open Vegetation Diagonal"
"501","211","Cuspidaria pulchra",3,"D","Loose 40","32","CA 4","26","16",2.074,4.559,"0.000","0.703","0","THDD","D3CA4","THDD_2","Dry and Open Vegetation Diagonal"
"502","212","Cuspidaria sceptrum",3,"D","Loose 40","32","CA 4","26","16",2.074,4.559,"0.000","0.787","0","THDD","D3CA4","THDD_2","Dry and Open Vegetation Diagonal"
"503","213","Cuspidaria simplicifolia",3,"D","Loose 40","32","CA 4","26","16",2.074,4.559,"0.000","0.632","0","THDD","D3CA4","THDD_2","Dry and Open Vegetation Diagonal"
"504","236","Fridericia craterophora",3,"D","Loose 40","32","CA 4","26","16",2.074,4.559,"0.000","0.807","0","THDD","D3CA4","THDD_2","Dry and Open Vegetation Diagonal"
"505","268","Fridericia samydoides",3,"D","Loose 40","32","CA 4","26","16",2.074,4.559,"0.000","0.817","0","THDD","D3CA4","THDD_2","Dry and Open Vegetation Diagonal"
"506","300","Mansoa difficilis",3,"D","Loose 40","32","CA 4","26","16",2.074,4.559,"0.000","0.806","0","THDD","D3CA4","THDD_2","Dry and Open Vegetation Diagonal"
"507","322","Perianthomega vellozoi",3,"D","Loose 40","32","CA 4","26","16",2.074,4.559,"0.000","0.650","0","THDD","D3CA4","THDD_2","Dry and Open Vegetation Diagonal"
"508","342","Stizophyllum perforatum",3,"D","Loose 40","32","CA 4","26","16",2.074,4.559,"0.000","0.833","0","THDD","D3CA4","THDD_2","Dry and Open Vegetation Diagonal"
"509","114","Amphilophium sandwithii",3,"D","Loose 40","32","CA 15","5","7",2.3,2.55,"0.000","0.818","0","DDb","D3CA15","DDb_2","Dry and Open Vegetation Diagonal"
"510","144","Anemopaegma longipetiolatum",3,"D","Loose 40","32","CA 15","5","7",2.3,2.55,"0.000","0.742","0","DDb","D3CA15","DDb_2","Dry and Open Vegetation Diagonal"
"511","229","Fridericia caudigera",3,"D","Loose 40","32","CA 15","5","7",2.3,2.55,"0.000","0.919","0","DDb","D3CA15","DDb_2","Dry and Open Vegetation Diagonal"
"512","242","Fridericia fagoides",3,"D","Loose 40","32","CA 15","5","7",2.3,2.55,"0.000","0.733","0","DDb","D3CA15","DDb_2","Dry and Open Vegetation Diagonal"
"513","279","Fridericia truncata",3,"D","Loose 40","32","CA 15","5","7",2.3,2.55,"0.000","0.513","0","DDb","D3CA15","DDb_2","Dry and Open Vegetation Diagonal"
"514","283","Fridericia whitei",3,"D","Loose 40","32","CA 15","5","7",2.3,2.55,"0.000","0.548","0","DDb","D3CA15","DDb_2","Dry and Open Vegetation Diagonal"
"515","362","Tanaecium tetramerum",3,"D","Loose 40","32","CA 15","5","7",2.3,2.55,"0.000","0.750","0","DDb","D3CA15","DDb_2","Dry and Open Vegetation Diagonal"
"516","53","Adenocalymma paulistarum",3,"D","Loose 40","32","CA 18","2","7",2.989,4.239,"0.000","0.737","0","THDD","D3CA18","THDD_3","Dry and Open Vegetation Diagonal"
"517","154","Anemopaegma prostratum",3,"D","Loose 40","32","CA 18","2","7",2.989,4.239,"0.000","0.708","0","THDD","D3CA18","THDD_3","Dry and Open Vegetation Diagonal"
"518","165","Bignonia binata",3,"D","Loose 40","32","CA 18","2","7",2.989,4.239,"0.654","0.767","0","THDD","D3CA18","THDD_3","Dry and Open Vegetation Diagonal"
"519","199","Cuspidaria convoluta",3,"D","Loose 40","32","CA 18","2","7",2.989,4.239,"0.507","0.769","0","THDD","D3CA18","THDD_3","Dry and Open Vegetation Diagonal"
"520","254","Fridericia mutabilis",3,"D","Loose 40","32","CA 18","2","7",2.989,4.239,"0.000","0.769","0","THDD","D3CA18","THDD_3","Dry and Open Vegetation Diagonal"
"521","268","Fridericia samydoides",3,"D","Loose 40","32","CA 18","2","7",2.989,4.239,"0.654","0.746","0","THDD","D3CA18","THDD_3","Dry and Open Vegetation Diagonal"
"522","373","Tynanthus micranthus",3,"D","Loose 40","32","CA 18","2","7",2.989,4.239,"0.000","0.737","0","THDD","D3CA18","THDD_3","Dry and Open Vegetation Diagonal"
"523","79","Amphilophium carolinae",3,"D","Loose 40","32","CA 24","1","3",2.068,2.318,"0.742","0.742","0","THDD","D3CA24","THDD_4","Dry and Open Vegetation Diagonal"
"524","167","Bignonia callistegioides",3,"D","Loose 40","32","CA 24","1","3",2.068,2.318,"0.750","0.750","0","THDD","D3CA24","THDD_4","Dry and Open Vegetation Diagonal"
"525","217","Dolichandra cynanchoides",3,"D","Loose 40","32","CA 24","1","3",2.068,2.318,"0.576","0.576","0","THDD","D3CA24","THDD_4","Dry and Open Vegetation Diagonal"
"526","199","Cuspidaria convoluta",3,"D","Loose 40","32","CA 29","1","4",2.863,3.113,"0.584","0.584","0","THDD","D3CA29","THDD_5","Dry and Open Vegetation Diagonal"
"527","268","Fridericia samydoides",3,"D","Loose 40","32","CA 29","1","4",2.863,3.113,"0.880","0.880","0","THDD","D3CA29","THDD_5","Dry and Open Vegetation Diagonal"
"528","302","Mansoa glaziovii",3,"D","Loose 40","32","CA 29","1","4",2.863,3.113,"0.770","0.770","0","THDD","D3CA29","THDD_5","Dry and Open Vegetation Diagonal"
"529","365","Tynanthus cognatus",3,"D","Loose 40","32","CA 29","1","4",2.863,3.113,"0.629","0.629","0","THDD","D3CA29","THDD_5","Dry and Open Vegetation Diagonal"
"530","10","Adenocalymma aspericarpum",2,"D","Loose 40","28","CA 14","2","5",2.108,2.858,"0.603","0.629","0","ColVen","D2CA14","ColVen_1","North Western South America"
"531","44","Adenocalymma magdalenense",2,"D","Loose 40","28","CA 14","2","5",2.108,2.858,"0.000","0.788","0","ColVen","D2CA14","ColVen_1","North Western South America"
"532","117","Amphilophium steyermarkii",2,"D","Loose 40","28","CA 14","2","5",2.108,2.858,"0.000","0.571","0","ColVen","D2CA14","ColVen_1","North Western South America"
"533","173","Bignonia cuneata",2,"D","Loose 40","28","CA 14","2","5",2.108,2.858,"0.000","0.771","0","ColVen","D2CA14","ColVen_1","North Western South America"
"534","188","Bignonia pterocalyx",2,"D","Loose 40","28","CA 14","2","5",2.108,2.858,"0.691","0.710","0","ColVen","D2CA14","ColVen_1","North Western South America"
"535","44","Adenocalymma magdalenense",2,"D","Loose 40","28","CA 15","2","4",2.143,2.393,"0.000","0.652","0","ColVen","D2CA15","ColVen_2","North Western South America"
"536","182","Bignonia neouliginosa",2,"D","Loose 40","28","CA 15","2","4",2.143,2.393,"0.500","0.889","0","ColVen","D2CA15","ColVen_2","North Western South America"
"537","319","Pachyptera erythraea",2,"D","Loose 40","28","CA 15","2","4",2.143,2.393,"0.711","0.857","0","ColVen","D2CA15","ColVen_2","North Western South America"
"538","352","Tanaecium exitiosum",2,"D","Loose 40","28","CA 15","2","4",2.143,2.393,"0.000","0.786","0","ColVen","D2CA15","ColVen_2","North Western South America"
"539","9","Adenocalymma arthropetiolatum",2,"D","Loose 40","28","CA 16","1","5",3.068,3.318,"0.550","0.550","0","Col","D2CA16","Col_1","North Western South America"
"540","19","Adenocalymma chocoense",2,"D","Loose 40","28","CA 16","1","5",3.068,3.318,"0.714","0.714","0","Col","D2CA16","Col_1","North Western South America"
"541","182","Bignonia neouliginosa",2,"D","Loose 40","28","CA 16","1","5",3.068,3.318,"0.458","0.458","0","Col","D2CA16","Col_1","North Western South America"
"542","319","Pachyptera erythraea",2,"D","Loose 40","28","CA 16","1","5",3.068,3.318,"0.767","0.767","0","Col","D2CA16","Col_1","North Western South America"
"543","366","Tynanthus croatianus",2,"D","Loose 40","28","CA 16","1","5",3.068,3.318,"0.579","0.579","0","Col","D2CA16","Col_1","North Western South America"
"544","29","Adenocalymma dugandii",2,"D","Loose 40","28","CA 27","1","3",2.176,2.426,"0.719","0.719","0","Col","D2CA27","Col_2","North Western South America"
"545","80","Amphilophium chocoense",2,"D","Loose 40","28","CA 27","1","3",2.176,2.426,"0.781","0.781","0","Col","D2CA27","Col_2","North Western South America"
"546","352","Tanaecium exitiosum",2,"D","Loose 40","28","CA 27","1","3",2.176,2.426,"0.676","0.676","0","Col","D2CA27","Col_2","North Western South America"
"547","9","Adenocalymma arthropetiolatum",3,"D","Loose 40","32","CA 8","23","20",2.115,4.962,"0.000","0.750","0","NWSA","D3CA8","NWSA_1","North Western South America"
"548","10","Adenocalymma aspericarpum",3,"D","Loose 40","32","CA 8","23","20",2.115,4.962,"0.000","0.818","0","NWSA","D3CA8","NWSA_1","North Western South America"
"549","19","Adenocalymma chocoense",3,"D","Loose 40","32","CA 8","23","20",2.115,4.962,"0.000","0.792","0","NWSA","D3CA8","NWSA_1","North Western South America"
"550","29","Adenocalymma dugandii",3,"D","Loose 40","32","CA 8","23","20",2.115,4.962,"0.000","0.792","0","NWSA","D3CA8","NWSA_1","North Western South America"
"551","44","Adenocalymma magdalenense",3,"D","Loose 40","32","CA 8","23","20",2.115,4.962,"0.000","0.813","0","NWSA","D3CA8","NWSA_1","North Western South America"
"552","80","Amphilophium chocoense",3,"D","Loose 40","32","CA 8","23","20",2.115,4.962,"0.000","0.656","0","NWSA","D3CA8","NWSA_1","North Western South America"
"553","117","Amphilophium steyermarkii",3,"D","Loose 40","32","CA 8","23","20",2.115,4.962,"0.000","0.886","0","NWSA","D3CA8","NWSA_1","North Western South America"
"554","141","Anemopaegma karstenii",3,"D","Loose 40","32","CA 8","23","20",2.115,4.962,"0.000","0.653","0","NWSA","D3CA8","NWSA_1","North Western South America"
"555","159","Anemopaegma santaritense",3,"D","Loose 40","32","CA 8","23","20",2.115,4.962,"0.000","0.905","0","NWSA","D3CA8","NWSA_1","North Western South America"
"556","163","Anemopaegma villosum",3,"D","Loose 40","32","CA 8","23","20",2.115,4.962,"0.000","0.750","0","NWSA","D3CA8","NWSA_1","North Western South America"
"557","173","Bignonia cuneata",3,"D","Loose 40","32","CA 8","23","20",2.115,4.962,"0.000","0.750","0","NWSA","D3CA8","NWSA_1","North Western South America"
"558","182","Bignonia neouliginosa",3,"D","Loose 40","32","CA 8","23","20",2.115,4.962,"0.000","0.917","0","NWSA","D3CA8","NWSA_1","North Western South America"
"559","185","Bignonia phellosperma",3,"D","Loose 40","32","CA 8","23","20",2.115,4.962,"0.000","0.938","0","NWSA","D3CA8","NWSA_1","North Western South America"
"560","188","Bignonia pterocalyx",3,"D","Loose 40","32","CA 8","23","20",2.115,4.962,"0.000","0.886","0","NWSA","D3CA8","NWSA_1","North Western South America"
"561","258","Fridericia oxycarpa",3,"D","Loose 40","32","CA 8","23","20",2.115,4.962,"0.000","0.806","0","NWSA","D3CA8","NWSA_1","North Western South America"
"562","319","Pachyptera erythraea",3,"D","Loose 40","32","CA 8","23","20",2.115,4.962,"0.000","0.875","0","NWSA","D3CA8","NWSA_1","North Western South America"
"563","348","Tanaecium crucigerum",3,"D","Loose 40","32","CA 8","23","20",2.115,4.962,"0.000","0.786","0","NWSA","D3CA8","NWSA_1","North Western South America"
"564","352","Tanaecium exitiosum",3,"D","Loose 40","32","CA 8","23","20",2.115,4.962,"0.000","0.813","0","NWSA","D3CA8","NWSA_1","North Western South America"
"565","366","Tynanthus croatianus",3,"D","Loose 40","32","CA 8","23","20",2.115,4.962,"0.000","0.667","0","NWSA","D3CA8","NWSA_1","North Western South America"
"566","372","Tynanthus macranthus",3,"D","Loose 40","32","CA 8","23","20",2.115,4.962,"0.000","0.813","0","NWSA","D3CA8","NWSA_1","North Western South America"
"567","29","Adenocalymma dugandii",3,"D","Loose 40","32","CA 9","1","4",2.328,2.578,"0.719","0.719","0","Col","D3CA9","Col_3","North Western South America"
"568","80","Amphilophium chocoense",3,"D","Loose 40","32","CA 9","1","4",2.328,2.578,"0.656","0.656","0","Col","D3CA9","Col_3","North Western South America"
"569","159","Anemopaegma santaritense",3,"D","Loose 40","32","CA 9","1","4",2.328,2.578,"0.453","0.453","0","Col","D3CA9","Col_3","North Western South America"
"570","179","Bignonia magnifica",3,"D","Loose 40","32","CA 9","1","4",2.328,2.578,"0.500","0.500","0","Col","D3CA9","Col_3","North Western South America"
"571","117","Amphilophium steyermarkii",3,"D","Loose 40","32","CA 22","1","4",2.399,2.649,"0.556","0.556","0","NWSA","D3CA22","NWSA_2","North Western South America"
"572","157","Anemopaegma rugosum",3,"D","Loose 40","32","CA 22","1","4",2.399,2.649,"0.611","0.611","0","NWSA","D3CA22","NWSA_2","North Western South America"
"573","163","Anemopaegma villosum",3,"D","Loose 40","32","CA 22","1","4",2.399,2.649,"0.667","0.667","0","NWSA","D3CA22","NWSA_2","North Western South America"
"574","228","Fridericia carichanensis",3,"D","Loose 40","32","CA 22","1","4",2.399,2.649,"0.565","0.565","0","NWSA","D3CA22","NWSA_2","North Western South America"
"575","244","Fridericia floribunda",2,"D","Loose 40","28","CA 4","3","3",2.157,2.407,"0.525","0.525","0","YUC","D2CA4","YUC_1","Central America - Mesoamerica"
"576","347","Tanaecium caudiculatum",2,"D","Loose 40","28","CA 4","3","3",2.157,2.407,"0.750","0.750","0","YUC","D2CA4","YUC_1","Central America - Mesoamerica"
"577","370","Tynanthus guatemalensis",2,"D","Loose 40","28","CA 4","3","3",2.157,2.407,"0.882","0.882","0","YUC","D2CA4","YUC_1","Central America - Mesoamerica"
"578","77","Amphilophium buccinatorium",3,"D","Loose 40","32","CA 16","3","5",2.098,2.348,"0.000","0.783","0","MESO","D3CA16","MESO_1","Central America - Mesoamerica"
"579","95","Amphilophium laxiflorum",3,"D","Loose 40","32","CA 16","3","5",2.098,2.348,"0.000","0.683","0","MESO","D3CA16","MESO_1","Central America - Mesoamerica"
"580","186","Bignonia potosina",3,"D","Loose 40","32","CA 16","3","5",2.098,2.348,"0.000","0.689","0","MESO","D3CA16","MESO_1","Central America - Mesoamerica"
"581","244","Fridericia floribunda",3,"D","Loose 40","32","CA 16","3","5",2.098,2.348,"0.000","0.798","0","MESO","D3CA16","MESO_1","Central America - Mesoamerica"
"582","282","Fridericia viscida",3,"D","Loose 40","32","CA 16","3","5",2.098,2.348,"0.616","0.726","0","MESO","D3CA16","MESO_1","Central America - Mesoamerica"
"583","186","Bignonia potosina",3,"D","Loose 40","32","CA 26","1","5",3.14,3.39,"0.526","0.526","0","MESO","D3CA26","MESO_2","Central America - Mesoamerica"
"584","234","Fridericia costaricensis",3,"D","Loose 40","32","CA 26","1","5",3.14,3.39,"0.639","0.639","0","MESO","D3CA26","MESO_2","Central America - Mesoamerica"
"585","244","Fridericia floribunda",3,"D","Loose 40","32","CA 26","1","5",3.14,3.39,"0.662","0.662","0","MESO","D3CA26","MESO_2","Central America - Mesoamerica"
"586","347","Tanaecium caudiculatum",3,"D","Loose 40","32","CA 26","1","5",3.14,3.39,"0.641","0.641","0","MESO","D3CA26","MESO_2","Central America - Mesoamerica"
"587","370","Tynanthus guatemalensis",3,"D","Loose 40","32","CA 26","1","5",3.14,3.39,"0.672","0.672","0","MESO","D3CA26","MESO_2","Central America - Mesoamerica"
